-- phpMyAdmin SQL Dump
-- version 4.8.2
-- https://www.phpmyadmin.net/
--
-- Máy chủ: 127.0.0.1
-- Thời gian đã tạo: Th9 05, 2018 lúc 04:45 AM
-- Phiên bản máy phục vụ: 10.1.34-MariaDB
-- Phiên bản PHP: 7.2.7

SET SQL_MODE = "NO_AUTO_VALUE_ON_ZERO";
SET AUTOCOMMIT = 0;
START TRANSACTION;
SET time_zone = "+00:00";


/*!40101 SET @OLD_CHARACTER_SET_CLIENT=@@CHARACTER_SET_CLIENT */;
/*!40101 SET @OLD_CHARACTER_SET_RESULTS=@@CHARACTER_SET_RESULTS */;
/*!40101 SET @OLD_COLLATION_CONNECTION=@@COLLATION_CONNECTION */;
/*!40101 SET NAMES utf8mb4 */;

--
-- Cơ sở dữ liệu: `shop`
--

-- --------------------------------------------------------

--
-- Cấu trúc bảng cho bảng `admin`
--

CREATE TABLE `admin` (
  `id_admin` int(11) NOT NULL,
  `fullname` varchar(255) COLLATE utf8_unicode_ci NOT NULL,
  `username` varchar(255) COLLATE utf8_unicode_ci NOT NULL,
  `password` varchar(255) COLLATE utf8_unicode_ci NOT NULL,
  `rank` int(11) NOT NULL,
  `email` varchar(255) COLLATE utf8_unicode_ci NOT NULL,
  `status` int(11) NOT NULL
) ENGINE=InnoDB DEFAULT CHARSET=utf8 COLLATE=utf8_unicode_ci;

--
-- Đang đổ dữ liệu cho bảng `admin`
--

INSERT INTO `admin` (`id_admin`, `fullname`, `username`, `password`, `rank`, `email`, `status`) VALUES
(1, 'Lê Đình Hải', 'haibk', '202cb962ac59075b964b07152d234b70', 0, '', 0),
(3, 'Nguyễn Ngọc Yến', 'yenbk', '202cb962ac59075b964b07152d234b70', 1, 'yen.nguyenngoc@gmail.com', 1),
(4, 'Phạm Thị Thảo', 'thaopham', '202cb962ac59075b964b07152d234b70', 1, 'thaopham@gmail.com', 0),
(5, 'Nguyễn Thị Hằng', 'hangnguyen', '202cb962ac59075b964b07152d234b70', 0, 'hangnguyen@gmail.com', 1);

-- --------------------------------------------------------

--
-- Cấu trúc bảng cho bảng `bill`
--

CREATE TABLE `bill` (
  `id` int(11) NOT NULL,
  `id_order` int(11) NOT NULL,
  `id_product` int(11) NOT NULL,
  `sl` int(11) NOT NULL
) ENGINE=InnoDB DEFAULT CHARSET=utf8 COLLATE=utf8_unicode_ci;

--
-- Đang đổ dữ liệu cho bảng `bill`
--

INSERT INTO `bill` (`id`, `id_order`, `id_product`, `sl`) VALUES
(16, 9, 16, 3),
(17, 10, 16, 2),
(18, 11, 71, 1),
(19, 11, 72, 2),
(20, 12, 3, 1),
(21, 12, 15, 1);

-- --------------------------------------------------------

--
-- Cấu trúc bảng cho bảng `category`
--

CREATE TABLE `category` (
  `id_category` int(11) NOT NULL,
  `name_category` varchar(255) COLLATE utf8_unicode_ci NOT NULL
) ENGINE=InnoDB DEFAULT CHARSET=utf8 COLLATE=utf8_unicode_ci;

--
-- Đang đổ dữ liệu cho bảng `category`
--

INSERT INTO `category` (`id_category`, `name_category`) VALUES
(1, 'Điện thoại'),
(7, 'Máy tính bảng'),
(8, 'Laptop'),
(9, 'Phụ kiện');

-- --------------------------------------------------------

--
-- Cấu trúc bảng cho bảng `comment`
--

CREATE TABLE `comment` (
  `id_cmt` int(11) NOT NULL,
  `id_product` int(11) NOT NULL,
  `id_member` int(11) NOT NULL,
  `content` text COLLATE utf8_unicode_ci NOT NULL,
  `status` int(11) NOT NULL,
  `create_date` double NOT NULL
) ENGINE=InnoDB DEFAULT CHARSET=utf8 COLLATE=utf8_unicode_ci;

-- --------------------------------------------------------

--
-- Cấu trúc bảng cho bảng `feed_back`
--

CREATE TABLE `feed_back` (
  `id_feedb` int(11) NOT NULL,
  `id_cmt` int(11) NOT NULL,
  `id_user` int(11) NOT NULL,
  `content` text COLLATE utf8_unicode_ci NOT NULL,
  `create_date` double NOT NULL
) ENGINE=InnoDB DEFAULT CHARSET=utf8 COLLATE=utf8_unicode_ci;

-- --------------------------------------------------------

--
-- Cấu trúc bảng cho bảng `member`
--

CREATE TABLE `member` (
  `id_member` int(11) NOT NULL,
  `fullname` varchar(255) COLLATE utf8_unicode_ci NOT NULL,
  `email` varchar(255) COLLATE utf8_unicode_ci NOT NULL,
  `password` varchar(255) COLLATE utf8_unicode_ci NOT NULL,
  `create_date` double NOT NULL,
  `status` int(11) NOT NULL
) ENGINE=InnoDB DEFAULT CHARSET=utf8 COLLATE=utf8_unicode_ci;

--
-- Đang đổ dữ liệu cho bảng `member`
--

INSERT INTO `member` (`id_member`, `fullname`, `email`, `password`, `create_date`, `status`) VALUES
(1, 'Phạm Thị Thảo', 'admin@gmail.com', '202cb962ac59075b964b07152d234b70', 20180824140600, 0),
(2, 'Nguyễn Thị Hằng', 'hangnguyen@gmail.com', '202cb962ac59075b964b07152d234b70', 20180824231917, 0),
(4, 'Nguyễn Ngọc Yến', 'yen.nguyenngoc@gmail.com', '202cb962ac59075b964b07152d234b70', 20180824233136, 0),
(5, 'Hà Thị Quyên', 'quyen.ha@gmail.com', '202cb962ac59075b964b07152d234b70', 20180824235209, 0),
(6, 'Chu Hồng Dương', 'hongduong@gmail.com', '202cb962ac59075b964b07152d234b70', 20180826222749, 0);

--
-- Bẫy `member`
--
DELIMITER $$
CREATE TRIGGER `Thêm ngày tạo tài khoản member` BEFORE INSERT ON `member` FOR EACH ROW BEGIN
SET NEW.create_date = now();
END
$$
DELIMITER ;

-- --------------------------------------------------------

--
-- Cấu trúc bảng cho bảng `order_form`
--

CREATE TABLE `order_form` (
  `id_order` int(11) NOT NULL,
  `fullname` varchar(255) COLLATE utf8_unicode_ci NOT NULL,
  `address` varchar(255) COLLATE utf8_unicode_ci NOT NULL,
  `phone` varchar(50) COLLATE utf8_unicode_ci NOT NULL,
  `email` varchar(255) COLLATE utf8_unicode_ci NOT NULL,
  `create_date` double NOT NULL,
  `status` int(11) NOT NULL,
  `note` varchar(255) COLLATE utf8_unicode_ci NOT NULL
) ENGINE=InnoDB DEFAULT CHARSET=utf8 COLLATE=utf8_unicode_ci;

--
-- Đang đổ dữ liệu cho bảng `order_form`
--

INSERT INTO `order_form` (`id_order`, `fullname`, `address`, `phone`, `email`, `create_date`, `status`, `note`) VALUES
(9, 'Nguyễn Duy Sự', '', '0987654321', 'su.nguyenduy@gmail.com', 1534646833, 0, ''),
(10, 'Nguyễn Ngọc Yến', 'Đống Đa, Hà Nội', '0981706560', 'yen.bk@gmail.com', 1534729783, 0, ''),
(11, 'Phạm Thị Thảo', 'Láng Hạ, Đống Đa, Hà Nội', '01653453311', 'thaopham@gmail.com', 1534773825, 0, ''),
(12, 'Mai Thu Huyền', 'Trường Chinh, Hà Nội', '0981706560', 'huyen.maithu@gmail.com', 1534774108, 0, '');

--
-- Bẫy `order_form`
--
DELIMITER $$
CREATE TRIGGER `Thêm ngày tạo đơn hàng` BEFORE INSERT ON `order_form` FOR EACH ROW BEGIN
SET NEW.create_date =  UNIX_TIMESTAMP();
END
$$
DELIMITER ;

-- --------------------------------------------------------

--
-- Cấu trúc bảng cho bảng `product`
--

CREATE TABLE `product` (
  `id_product` int(11) NOT NULL,
  `name_product` varchar(255) COLLATE utf8_unicode_ci NOT NULL,
  `id_category` int(11) NOT NULL,
  `label` varchar(255) COLLATE utf8_unicode_ci NOT NULL,
  `price` int(11) NOT NULL,
  `price_sales` int(11) NOT NULL,
  `image` varchar(255) COLLATE utf8_unicode_ci NOT NULL,
  `description` text COLLATE utf8_unicode_ci NOT NULL,
  `quantity` int(11) NOT NULL,
  `status` int(11) NOT NULL,
  `note_km` text COLLATE utf8_unicode_ci NOT NULL
) ENGINE=InnoDB DEFAULT CHARSET=utf8 COLLATE=utf8_unicode_ci;

--
-- Đang đổ dữ liệu cho bảng `product`
--

INSERT INTO `product` (`id_product`, `name_product`, `id_category`, `label`, `price`, `price_sales`, `image`, `description`, `quantity`, `status`, `note_km`) VALUES
(1, 'iPhone X 256GB Silver', 1, 'Apple', 347900000, 34699000, 'iphone-x-256gb-silver-400x4001.jpg', '<h2>Th&ocirc;ng số kỹ thuật</h2>\r\n\r\n<ul>\r\n	<li>Hiệu suất sạc:\r\n	<p><em>65%</em></p>\r\n	</li>\r\n	<li>Đ&egrave;n LED b&aacute;o hiệu:\r\n	<p><em>C&oacute;</em></p>\r\n	</li>\r\n	<li>Thời gian sạc:\r\n	<p><em>10 - 11 giờ (d&ugrave;ng Adapter 1A)</em><em>5 - 6 giờ (d&ugrave;ng Adapter 2A)</em></p>\r\n	</li>\r\n	<li>Nguồn v&agrave;o:\r\n	<p><em>5V - 2A</em></p>\r\n	</li>\r\n	<li>L&otilde;i pin:\r\n	<p><em><a href=\"https://www.thegioididong.com/hoi-dap/so-sanh-pin-li-ion-va-pin-li-po-651833#pin-li-po\" target=\"_blank\">Pin Polymer</a></em></p>\r\n	</li>\r\n	<li>Cổng ra USB 1:\r\n	<p><em>Type C 5V - 2A</em></p>\r\n	</li>\r\n	<li>Cổng ra USB 2:\r\n	<p><em>5V - 2A</em></p>\r\n	</li>\r\n	<li>K&iacute;ch thước\r\n	<p><em>D&agrave;i 14 cm - ngang 7.2 cm - d&agrave;y 1.4 cm</em></p>\r\n	</li>\r\n	<li>Trọng lượng:\r\n	<p><em>254.6 g</em></p>\r\n	</li>\r\n	<li>Xuất xứ\r\n	<p><em>Trung Quốc</em></p>\r\n	</li>\r\n</ul>\r\n', 7, 1, ' Giảm 1 triệu cho Apple Watch khi mua kèm iPhone/iPad'),
(2, 'iPhone 8 256GB', 1, 'Apple', 25790000, 0, 'iphone-8-256gb-h4-1-400x460.png', '<h2>Th&ocirc;ng số kỹ thuật</h2>\r\n\r\n<p>&nbsp;</p>\r\n\r\n<ul>\r\n	<li>Camera sau:\r\n	<p>12 MP</p>\r\n	</li>\r\n	<li>Camera trước:\r\n	<p>7 MP</p>\r\n	</li>\r\n	<li>CPU:\r\n	<p><a href=\"https://www.thegioididong.com/tin-tuc/chi-tiet-a11-bionic-chip-co-nhieu-thanh-phan-apple-tu-trong-nhat-tu-truoc-den-nay-1021653\" target=\"_blank\">Apple A11 Bionic 6 nh&acirc;n</a></p>\r\n	</li>\r\n	<li>RAM:\r\n	<p>2 GB</p>\r\n	</li>\r\n	<li>Bộ nhớ trong:\r\n	<p>256 GB</p>\r\n	</li>\r\n	<li>Thẻ SIM:\r\n	<p><a href=\"https://www.thegioididong.com/tin-tuc/tim-hieu-cac-loai-sim-thong-dung-sim-thuong-micro--590216#nanosim\" target=\"_blank\">1 Nano SIM</a>,&nbsp;<a href=\"https://www.thegioididong.com/hoi-dap/4g-la-gi-731757\" target=\"_blank\">Hỗ trợ 4G</a></p>\r\n	</li>\r\n	<li>Dung lượng pin:\r\n	<p>1821 mAh,&nbsp;<a href=\"https://www.thegioididong.com/hoi-dap/cong-nghe-sac-nhanh-tren-smartphone-755549\" target=\"_blank\">c&oacute; sạc nhanh</a></p>\r\n	</li>\r\n</ul>\r\n', 20, 2, 'Giảm ngay 1 triệu'),
(3, 'iPad Pro 10.5 inch Wifi Cellular 64GB', 7, 'Apple', 19990000, 19890000, 'ipad-pro-105-inch-wifi-cellular-64gb-2017-6-400x400.png', '<p>IPS LCD, 10.5&quot;</p>\r\n\r\n<p>&nbsp;</p>\r\n\r\n<ul>\r\n	<li>Hệ điều h&agrave;nh\r\n	<p>iOS 11</p>\r\n	</li>\r\n	<li>CPU\r\n	<p><a href=\"https://www.thegioididong.com/hoi-dap/tim-hieu-chip-apple-a10x-992711\" target=\"_blank\">Apple A10X 6 nh&acirc;n 64-bit</a></p>\r\n	</li>\r\n	<li>RAM\r\n	<p>4 GB</p>\r\n	</li>\r\n	<li>Bộ nhớ trong\r\n	<p>64 GB</p>\r\n	</li>\r\n	<li>Camera sau\r\n	<p>12 MP</p>\r\n	</li>\r\n	<li>Camera trước\r\n	<p>7 MP</p>\r\n	</li>\r\n	<li>Kết nối mạng\r\n	<p>WiFi, 3G,&nbsp;<a href=\"https://www.thegioididong.com/hoi-dap/4g-la-gi-731757\" target=\"_blank\">4G LTE</a></p>\r\n	</li>\r\n	<li>&quot; &gt;</li>\r\n</ul>\r\n', 1, 1, 'Giảm 1 triệu cho Apple Watch khi mua kèm iPhone/iPad'),
(4, 'Apple Macbook Air MQD32SA i5 1.8GHz', 8, 'Apple', 10000000, 9000000, 'apple-macbook-air-mqd32sa-a-i5-5350u-400-1-450x300-450x300.jpg', '<h2>Th&ocirc;ng số kỹ thuật</h2>\r\n\r\n<ul>\r\n	<li>CPU:\r\n	<p><a href=\"https://www.thegioididong.com/tin-tuc/tim-hieu-vi-xu-ly-may-tinh-cpu-intel-596066#broadwell\" target=\"_blank\">Intel Core i5 Broadwell</a>, 1.80 GHz</p>\r\n	</li>\r\n	<li>RAM:\r\n	<p>8 GB,&nbsp;<a href=\"https://www.thegioididong.com/hoi-dap/ram-ddr3l-on-board-la-nhu-the-nao-951049\" target=\"_blank\">DDR3L(On board)</a>, 1600 MHz</p>\r\n	</li>\r\n	<li>Ổ cứng:\r\n	<p><a href=\"https://www.thegioididong.com/hoi-dap/o-cung-ssd-la-gi-923073\" target=\"_blank\">SSD: 128 GB</a></p>\r\n	</li>\r\n	<li>M&agrave;n h&igrave;nh:\r\n	<p>13.3 inch, WXGA+(1440 x 900)</p>\r\n	</li>\r\n	<li>Card m&agrave;n h&igrave;nh:\r\n	<p><a href=\"https://www.thegioididong.com/hoi-dap/card-do-hoa-tich-hop-la-gi-950047\" target=\"_blank\">Card đồ họa t&iacute;ch hợp</a>,&nbsp;<a href=\"https://www.thegioididong.com/hoi-dap/intel-hd-graphics-754665#iris\" target=\"_blank\">Intel HD Graphics 6000</a></p>\r\n	</li>\r\n	<li>Cổng kết nối:\r\n	<p><a href=\"https://www.thegioididong.com/hoi-dap/magsafe-2-tren-macbook-la-gi-959220?clearcache=1\" target=\"_blank\">MagSafe 2</a>,&nbsp;<a href=\"https://www.thegioididong.com/hoi-dap/usb-30-la-gi-926737\" target=\"_blank\">2 x USB 3.0</a>,&nbsp;<a href=\"https://www.thegioididong.com/tin-tuc/intel-cong-bo-chuan-thunderbolt-moi-nhanh-hon-gap--516567\" target=\"_blank\">Thunderbolt 2</a></p>\r\n	</li>\r\n	<li>Đặc biệt:\r\n	<p>C&oacute; đ&egrave;n b&agrave;n ph&iacute;m</p>\r\n	</li>\r\n	<li>Hệ điều h&agrave;nh:\r\n	<p><a href=\"https://www.thegioididong.com/hoi-dap/mac-os-la-gi-838020\" target=\"_blank\">Mac OS</a></p>\r\n	</li>\r\n	<li>Thiết kế:\r\n	<p>Vỏ kim loại nguy&ecirc;n khối, PIN liền</p>\r\n	</li>\r\n	<li>K&iacute;ch thước:\r\n	<p>D&agrave;y 17 mm, 1.35 Kg</p>\r\n	</li>\r\n</ul>\r\n', 20, 1, 'Phiếu mua hàng trị giá 1 triệu (Áp dụng từ 16/07) *'),
(5, 'Pin sạc dự phòng Polymer 10.000 mAh Type C eSaver PJ JP106S', 9, 'Samsung', 300000, 290000, 'polymer-10000-mah-type-c-esaver-pj-jp106s-anh-dai-dien-600x600.jpg', '<h2>Th&ocirc;ng số kỹ thuật</h2>\r\n\r\n<ul>\r\n	<li>Hiệu suất sạc:\r\n	<p><em>65%</em></p>\r\n	</li>\r\n	<li>Đ&egrave;n LED b&aacute;o hiệu:\r\n	<p><em>C&oacute;</em></p>\r\n	</li>\r\n	<li>Thời gian sạc:\r\n	<p><em>10 - 11 giờ (d&ugrave;ng Adapter 1A)</em><em>5 - 6 giờ (d&ugrave;ng Adapter 2A)</em></p>\r\n	</li>\r\n	<li>Nguồn v&agrave;o:\r\n	<p><em>5V - 2A</em></p>\r\n	</li>\r\n	<li>L&otilde;i pin:\r\n	<p><em><a href=\"https://www.thegioididong.com/hoi-dap/so-sanh-pin-li-ion-va-pin-li-po-651833#pin-li-po\" target=\"_blank\">Pin Polymer</a></em></p>\r\n	</li>\r\n	<li>Cổng ra USB 1:\r\n	<p><em>Type C 5V - 2A</em></p>\r\n	</li>\r\n	<li>Cổng ra USB 2:\r\n	<p><em>5V - 2A</em></p>\r\n	</li>\r\n	<li>K&iacute;ch thước\r\n	<p><em>D&agrave;i 14 cm - ngang 7.2 cm - d&agrave;y 1.4 cm</em></p>\r\n	</li>\r\n	<li>Trọng lượng:\r\n	<p><em>254.6 g</em></p>\r\n	</li>\r\n	<li>Xuất xứ\r\n	<p><em>Trung Quốc</em></p>\r\n	</li>\r\n</ul>\r\n', 12, 1, 'Phiếu mua hàng trị giá 1 triệu (Áp dụng từ 16/07) '),
(6, 'Samsung Galaxy S9+ 128GB', 1, 'Samsung', 24490000, 23700000, 'samsung-galaxy-s9-plus-128gb-vang-dong-90ngay-400x460.png', '<h2>Th&ocirc;ng số kỹ thuật</h2>\r\n\r\n<ul>\r\n	<li>M&agrave;n h&igrave;nh:\r\n	<p><a href=\"https://www.thegioididong.com/hoi-dap/man-hinh-super-amoled-la-gi-905770\" target=\"_blank\">Super AMOLED</a>, 6.2&quot;, Quad HD+ (2K+)</p>\r\n	</li>\r\n	<li>Hệ điều h&agrave;nh:\r\n	<p><a href=\"https://www.thegioididong.com/tin-tuc/android-8-la-gi-vi-sao-co-ten-goi-khac-la-android-o--966604\" target=\"_blank\">Android 8.0 (Oreo)</a></p>\r\n	</li>\r\n	<li>Camera sau:\r\n	<p>2 camera 12 MP</p>\r\n	</li>\r\n	<li>Camera trước:\r\n	<p>8 MP</p>\r\n	</li>\r\n	<li>CPU:\r\n	<p><a href=\"https://www.thegioididong.com/tin-tuc/samsung-trinh-lang-vi-xu-ly-exynos-9810-danh-cho-galaxy-s9-1040294\" target=\"_blank\">Exynos 9810 8 nh&acirc;n 64 bit</a></p>\r\n	</li>\r\n	<li>RAM:\r\n	<p>6 GB</p>\r\n	</li>\r\n	<li>Bộ nhớ trong:\r\n	<p>128 GB</p>\r\n	</li>\r\n	<li>Thẻ nhớ:\r\n	<p>MicroSD, hỗ trợ tối đa 400 GB</p>\r\n	</li>\r\n	<li>Thẻ SIM:\r\n	<p><a href=\"https://www.thegioididong.com/tin-tuc/tim-hieu-cac-loai-sim-thong-dung-sim-thuong-micro--590216#nanosim\" target=\"_blank\">2 SIM Nano (SIM 2 chung khe thẻ nhớ)</a>,&nbsp;<a href=\"https://www.thegioididong.com/hoi-dap/4g-la-gi-731757\" target=\"_blank\">Hỗ trợ 4G</a></p>\r\n	</li>\r\n	<li>Dung lượng pin:\r\n	<p>3500 mAh,&nbsp;<a href=\"https://www.thegioididong.com/hoi-dap/cong-nghe-sac-nhanh-tren-smartphone-755549\" target=\"_blank\">c&oacute; sạc nhanh</a></p>\r\n	</li>\r\n</ul>\r\n', 1, 1, 'Mua thêm thẻ nhớ 16GB giảm 30% - Pin dự phòng 7.500mAh Y323S nâu giảm 40% (Chỉ áp dụng mua Online)'),
(7, 'HP Envy 13 ad160TU i7 Win10 3MR77PA', 8, 'HP', 25490000, 25390000, 'hp-envy-13-ad160tu-i7-8550u-3mr77pa-450-600x600.jpg', '<h2>Th&ocirc;ng số kỹ thuật</h2>\r\n\r\n<ul>\r\n	<li>CPU:\r\n	<p><a href=\"https://www.thegioididong.com/hoi-dap/cpu-intel-kabylake-refresh-la-gi-1017640\" target=\"_blank\">Intel Core i7 Kabylake Refresh</a>, 8550U, 1.80 GHz</p>\r\n	</li>\r\n	<li>RAM:\r\n	<p>8 GB,&nbsp;<a href=\"https://www.thegioididong.com/hoi-dap/ram-ddr3-on-board-la-nhu-the-nao-950937\" target=\"_blank\">DDR3 (on board)</a>, 1866 MHz</p>\r\n	</li>\r\n	<li>Ổ cứng:\r\n	<p>PCIe,&nbsp;<a href=\"https://www.thegioididong.com/hoi-dap/tim-hieu-ve-chuan-ssd-m2-986461\" target=\"_blank\">SSD: 256 GB, M2</a></p>\r\n	</li>\r\n	<li>M&agrave;n h&igrave;nh:\r\n	<p>13.3 inch,&nbsp;<a href=\"https://www.thegioididong.com/hoi-dap/man-hinh-fhd-la-gi-956294\" target=\"_blank\">Full HD (1920 x 1080)</a></p>\r\n	</li>\r\n	<li>Card m&agrave;n h&igrave;nh:\r\n	<p><a href=\"https://www.thegioididong.com/hoi-dap/card-do-hoa-tich-hop-la-gi-950047\" target=\"_blank\">Card đồ họa t&iacute;ch hợp</a>,&nbsp;<a href=\"https://www.thegioididong.com/hoi-dap/intel-hd-graphics-620-co-manh-khong-953533#uhd-620\" target=\"_blank\">Intel&reg; UHD Graphics 620</a></p>\r\n	</li>\r\n	<li>Cổng kết nối:\r\n	<p><a href=\"https://www.thegioididong.com/hoi-dap/usb-31-la-gi-926746\" target=\"_blank\">2 x USB 3.1</a>,&nbsp;<a href=\"https://www.thegioididong.com/hoi-dap/usb-typec-chuan-muc-cong-ket-noi-moi-723760\" target=\"_blank\">2 x USB Type-C</a></p>\r\n	</li>\r\n	<li>Đặc biệt:\r\n	<p>C&oacute; đ&egrave;n b&agrave;n ph&iacute;m</p>\r\n	</li>\r\n	<li>Hệ điều h&agrave;nh:\r\n	<p><a href=\"https://www.thegioididong.com/hoi-dap/windows-10-co-tot-khong-953411\" target=\"_blank\">Windows 10 Home SL</a></p>\r\n	</li>\r\n	<li>Thiết kế:\r\n	<p>Vỏ kim loại, PIN liền</p>\r\n	</li>\r\n	<li>K&iacute;ch thước:\r\n	<p>D&agrave;y 13.9 mm, 1.23 kg</p>\r\n	</li>\r\n</ul>\r\n', 15, 1, 'Phiếu mua hàng trị giá 250.000đ '),
(8, 'Samsung Galaxy Tab A6 10.1 Spen', 7, 'Samsung', 7490000, 7390000, 'samsung-galaxy-tab-a6-101-spen-400x460.png', '<h2>Th&ocirc;ng số kỹ thuật</h2>\r\n\r\n<ul>\r\n	<li>M&agrave;n h&igrave;nh\r\n	<p><a href=\"https://www.thegioididong.com/hoi-dap/cong-nghe-man-hinh-pls-lcd-901358\" target=\"_blank\">PLS LCD</a>, 10.1&quot;</p>\r\n	</li>\r\n	<li>Hệ điều h&agrave;nh\r\n	<p><a href=\"https://www.thegioididong.com/hoi-dap/android-6-marshmallow-co-gi-hot-726146\" target=\"_blank\">Android 6.0 (Marshmallow)</a></p>\r\n	</li>\r\n	<li>CPU\r\n	<p><a href=\"https://www.thegioididong.com/hoi-dap/samsung-exynos-7870-843409\" target=\"_blank\">Exynos 7870 8 nh&acirc;n</a>, 1.6 GHz</p>\r\n	</li>\r\n	<li>RAM\r\n	<p>3 GB</p>\r\n	</li>\r\n	<li>Bộ nhớ trong\r\n	<p>16 GB</p>\r\n	</li>\r\n	<li>Camera sau\r\n	<p>8 MP</p>\r\n	</li>\r\n	<li>Camera trước\r\n	<p>2 MP</p>\r\n	</li>\r\n	<li>Kết nối mạng\r\n	<p>WiFi, 3G,&nbsp;<a href=\"https://www.thegioididong.com/hoi-dap/4g-la-gi-731757\" target=\"_blank\">4G LTE</a></p>\r\n\r\n	<p><strong>HOT</strong><a href=\"https://www.thegioididong.com/sim-so-dep/viettel?t=33\">Mua sim Viettel DATA 7GB (7GB data/th&aacute;ng), mỗi th&aacute;ng nạp chỉ 70.000đ</a>. Gi&aacute; từ&nbsp;<strong>80.000đ</strong></p>\r\n	</li>\r\n	<li>Hỗ trợ SIM\r\n	<p><a href=\"http://www.thegioididong.com/tin-tuc/tim-hieu-cac-loai-sim-thong-dung-sim-thuong-micro--590216#nanosim\" target=\"_blank\">Nano Sim</a></p>\r\n	</li>\r\n	<li>Đ&agrave;m thoại\r\n	<p>C&oacute;</p>\r\n	</li>\r\n</ul>\r\n', 3, 1, 'Phiếu mua hàng trị giá 1 triệu (Áp dụng từ 16/07) '),
(9, 'Dell Inspiron 7373 i5 Win10', 8, 'Dell', 26990000, 26890000, 'dell-inspiron-7373-i5-8250u-8gb-256gb-win10-office-dai-dien-450x300.jpg', '<h2>Th&ocirc;ng số kỹ thuật</h2>\r\n\r\n<ul>\r\n	<li>CPU:\r\n	<p><a href=\"https://www.thegioididong.com/hoi-dap/cpu-intel-kabylake-refresh-la-gi-1017640\" target=\"_blank\">Intel Core i5 Kabylake Refresh</a>, 8250U, 1.60 GHz</p>\r\n	</li>\r\n	<li>RAM:\r\n	<p>8 GB,&nbsp;<a href=\"https://www.thegioididong.com/hoi-dap/ram-ddr4-la-gi-882173\" target=\"_blank\">DDR4 (2 khe)</a>, 2400 MHz</p>\r\n	</li>\r\n	<li>Ổ cứng:\r\n	<p><a href=\"https://www.thegioididong.com/hoi-dap/o-cung-ssd-la-gi-923073\" target=\"_blank\">SSD: 256 GB</a></p>\r\n	</li>\r\n	<li>M&agrave;n h&igrave;nh:\r\n	<p>13.3 inch,&nbsp;<a href=\"https://www.thegioididong.com/hoi-dap/man-hinh-fhd-la-gi-956294\" target=\"_blank\">Full HD (1920 x 1080)</a></p>\r\n	</li>\r\n	<li>Card m&agrave;n h&igrave;nh:\r\n	<p><a href=\"https://www.thegioididong.com/hoi-dap/card-do-hoa-tich-hop-la-gi-950047\" target=\"_blank\">Card đồ họa t&iacute;ch hợp</a>,&nbsp;<a href=\"https://www.thegioididong.com/hoi-dap/intel-hd-graphics-620-co-manh-khong-953533#uhd-620\" target=\"_blank\">Intel&reg; UHD Graphics 620</a></p>\r\n	</li>\r\n	<li>Cổng kết nối:\r\n	<p><a href=\"https://www.thegioididong.com/hoi-dap/usb-30-la-gi-926737\" target=\"_blank\">2 x USB 3.0</a>,&nbsp;<a href=\"https://www.thegioididong.com/tin-tuc/hdmi-la-gi--590061\" target=\"_blank\">HDMI</a>,&nbsp;<a href=\"https://www.thegioididong.com/hoi-dap/usb-type-c-chua-n-mu-c-co-ng-ke-t-no-i-mo-i-723760\" target=\"_blank\">USB Type-C</a></p>\r\n	</li>\r\n	<li>Đặc biệt:\r\n	<p>C&oacute; đ&egrave;n b&agrave;n ph&iacute;m, C&oacute; m&agrave;n h&igrave;nh cảm ứng</p>\r\n	</li>\r\n	<li>Hệ điều h&agrave;nh:\r\n	<p>Windows 10 + Office 365 1 năm</p>\r\n	</li>\r\n	<li>Thiết kế:\r\n	<p>Vỏ kim loại, PIN liền</p>\r\n	</li>\r\n	<li>K&iacute;ch thước:\r\n	<p>D&agrave;y 15.2 mm, 1.6 kg</p>\r\n	</li>\r\n</ul>\r\n', 2, 1, 'Phiếu mua hàng trị giá 500.000đ'),
(10, 'Huawei MediaPad T3 8.0 (2017)', 7, 'Huawei ', 3990000, 3990000, 'huawei-mediapad-t3-80-400-400x460.png', '<h2>Th&ocirc;ng số kỹ thuật</h2>\r\n\r\n<ul>\r\n	<li>M&agrave;n h&igrave;nh\r\n	<p><a href=\"https://www.thegioididong.com/hoi-dap/man-hinh-ips-lcd-la-gi-905752\" target=\"_blank\">IPS LCD</a>, 8&quot;</p>\r\n	</li>\r\n	<li>Hệ điều h&agrave;nh\r\n	<p><a href=\"https://www.thegioididong.com/hoi-dap/android-70-nougat-co-gi-moi-891101\" target=\"_blank\">Android 7.0</a></p>\r\n	</li>\r\n	<li>CPU\r\n	<p><a href=\"https://www.thegioididong.com/hoi-dap/tim-hieu-chip-qualcomm-snapdragon-425-1009665\" target=\"_blank\">Qualcomm MSM8917</a>, 1.4 GHz</p>\r\n	</li>\r\n	<li>RAM\r\n	<p>2 GB</p>\r\n	</li>\r\n	<li>Bộ nhớ trong\r\n	<p>16 GB</p>\r\n	</li>\r\n	<li>Camera sau\r\n	<p>5 MP</p>\r\n	</li>\r\n	<li>Camera trước\r\n	<p>2 MP</p>\r\n	</li>\r\n	<li>Kết nối mạng\r\n	<p>WiFi, 3G,&nbsp;<a href=\"https://www.thegioididong.com/hoi-dap/4g-la-gi-731757\" target=\"_blank\">4G LTE</a></p>\r\n\r\n	<p><strong>HOT</strong><a href=\"https://www.thegioididong.com/sim-so-dep/viettel?t=33\">Mua sim Viettel DATA 7GB (7GB data/th&aacute;ng), mỗi th&aacute;ng nạp chỉ 70.000đ</a>. Gi&aacute; từ&nbsp;<strong>80.000đ</strong></p>\r\n	</li>\r\n	<li>Hỗ trợ SIM\r\n	<p><a href=\"http://www.thegioididong.com/tin-tuc/tim-hieu-cac-loai-sim-thong-dung-sim-thuong-micro--590216#nanosim\" target=\"_blank\">Nano Sim</a></p>\r\n	</li>\r\n	<li>Đ&agrave;m thoại\r\n	<p>C&oacute;</p>\r\n	</li>\r\n</ul>\r\n', 5, 0, 'Phiếu mua hàng trị giá 1 triệu (Áp dụng từ 16/07) '),
(11, 'Ốp Meizu M5 Note', 9, 'Meizu ', 50000, 40000, 'medium-op-meizu-m5-note.jpg', '<ul>\r\n	<li>Chất liệu nhựa dẻo in h&igrave;nh thời trang</li>\r\n	<li>Vừa vặn với m&aacute;y, gi&uacute;p bảo vệ m&aacute;y tối đa</li>\r\n	<li>Thiết kế tiện lợi, dễ d&ugrave;ng</li>\r\n</ul>\r\n', 2, 0, ''),
(12, 'iPhone 8 Plus Red 256GB (Đỏ)', 1, 'Apple', 28790000, 27790000, 'iphone-8-plus-do-256gb-400x460.png', '<h2>Th&ocirc;ng số kỹ thuật</h2>\r\n\r\n<ul>\r\n	<li>M&agrave;n h&igrave;nh:\r\n	<p><a href=\"https://www.thegioididong.com/hoi-dap/man-hinh-led-backlit-ips-lcd-la-gi-905757\" target=\"_blank\">LED-backlit IPS LCD</a>, 5.5&quot;,&nbsp;<a href=\"https://www.thegioididong.com/hoi-dap/man-hinh-retina-la-gi-905780\" target=\"_blank\">Retina HD</a></p>\r\n	</li>\r\n	<li>Hệ điều h&agrave;nh:\r\n	<p><a href=\"https://www.thegioididong.com/hoi-dap/ios-11-co-gi-moi-1021442\" target=\"_blank\">iOS 11</a></p>\r\n	</li>\r\n	<li>Camera sau:\r\n	<p>2 camera 12 MP</p>\r\n	</li>\r\n	<li>Camera trước:\r\n	<p>7 MP</p>\r\n	</li>\r\n	<li>CPU:\r\n	<p><a href=\"https://www.thegioididong.com/tin-tuc/chi-tiet-a11-bionic-chip-co-nhieu-thanh-phan-apple-tu-trong-nhat-tu-truoc-den-nay-1021653\" target=\"_blank\">Apple A11 Bionic 6 nh&acirc;n</a></p>\r\n	</li>\r\n	<li>RAM:\r\n	<p>3 GB</p>\r\n	</li>\r\n	<li>Bộ nhớ trong:\r\n	<p>256 GB</p>\r\n	</li>\r\n	<li>Thẻ SIM:\r\n	<p><a href=\"https://www.thegioididong.com/tin-tuc/tim-hieu-cac-loai-sim-thong-dung-sim-thuong-micro--590216#nanosim\" target=\"_blank\">1 Nano SIM</a>,&nbsp;<a href=\"https://www.thegioididong.com/hoi-dap/4g-la-gi-731757\" target=\"_blank\">Hỗ trợ 4G</a></p>\r\n	</li>\r\n	<li>Dung lượng pin:\r\n	<p>2691 mAh,&nbsp;<a href=\"https://www.thegioididong.com/hoi-dap/cong-nghe-sac-nhanh-tren-smartphone-755549\" target=\"_blank\">c&oacute; sạc nhanh</a></p>\r\n	</li>\r\n</ul>\r\n', 7, 1, 'Giảm 1 triệu cho Apple Watch khi mua kèm iPhone/iPad'),
(13, 'Chuột không dây Genius NX 7010', 9, 'Genius ', 160000000, 150000000, 'chuot-khong-day-genius-nx-7010-xam-808x499.png', '<ul>\r\n	<li>Sử dụng được tốt tr&ecirc;n mặt gỗ, kim loại...</li>\r\n	<li>C&oacute; thể t&ugrave;y chọn độ ph&acirc;n giải dpi 800 1200 hay 1600 (th&ocirc;ng qua phần mềm).</li>\r\n	<li>Sử dụng được cho hệ điều h&agrave;nh Windows v&agrave; MacOS.</li>\r\n	<li>Thao t&aacute;c được với tay tr&aacute;i hoặc phải bằng ứng dụng điều chỉnh ri&ecirc;ng.</li>\r\n</ul>\r\n', 3, 0, ''),
(14, 'Samsung Galaxy Tab A6 7.0', 7, 'Samsung', 3590000, 3590000, 'samsung-galaxy-tab-a-70-1-400x460.png', '<h2>Th&ocirc;ng số kỹ thuật</h2>\r\n\r\n<ul>\r\n	<li>M&agrave;n h&igrave;nh\r\n	<p><a href=\"https://www.thegioididong.com/hoi-dap/man-hinh-tft-lcd-la-gi-905743\" target=\"_blank\">TFT LCD</a>, 7&quot;</p>\r\n	</li>\r\n	<li>Hệ điều h&agrave;nh\r\n	<p><a href=\"https://www.thegioididong.com/hoi-dap/android-51-co-thay-doi-gi-moi-658189\" target=\"_blank\">Android 5.1</a></p>\r\n	</li>\r\n	<li>CPU\r\n	<p><a href=\"https://www.thegioididong.com/hoi-dap/tim-hieu-khac-nhau-giua-cpu-2-nhan-va-4-nhan-977633\" target=\"_blank\">CPU 4 nh&acirc;n</a>, 1.3 GHz</p>\r\n	</li>\r\n	<li>RAM\r\n	<p>1.5 GB</p>\r\n	</li>\r\n	<li>Bộ nhớ trong\r\n	<p>8 GB</p>\r\n	</li>\r\n	<li>Camera sau\r\n	<p>5 MP</p>\r\n	</li>\r\n	<li>Camera trước\r\n	<p>2 MP</p>\r\n	</li>\r\n	<li>Kết nối mạng\r\n	<p>WiFi, 3G,&nbsp;<a href=\"https://www.thegioididong.com/hoi-dap/4g-la-gi-731757\" target=\"_blank\">4G LTE</a></p>\r\n\r\n	<p><strong>HOT</strong><a href=\"https://www.thegioididong.com/sim-so-dep/viettel?t=33\">Mua sim Viettel DATA 7GB (7GB data/th&aacute;ng), mỗi th&aacute;ng nạp chỉ 70.000đ</a>. Gi&aacute; từ&nbsp;<strong>80.000đ</strong></p>\r\n	</li>\r\n	<li>Hỗ trợ SIM\r\n	<p><a href=\"http://www.thegioididong.com/tin-tuc/tim-hieu-cac-loai-sim-thong-dung-sim-thuong-micro--590216#microsim\" target=\"_blank\">Micro sim</a></p>\r\n	</li>\r\n	<li>Đ&agrave;m thoại\r\n	<p>C&oacute;</p>\r\n	</li>\r\n</ul>\r\n', 12, 0, 'Phiếu mua hàng trị giá 1 triệu (Áp dụng từ 16/07) '),
(15, 'Samsung Galaxy A8+ (2018)', 1, 'Samsung', 13490000, 13390000, 'samsung-galaxy-a8-plus-2018-90ngay-400x460.png', '<h2>Th&ocirc;ng số kỹ thuật</h2>\r\n\r\n<ul>\r\n	<li>M&agrave;n h&igrave;nh:\r\n	<p><a href=\"https://www.thegioididong.com/hoi-dap/man-hinh-super-amoled-la-gi-905770\" target=\"_blank\">Super AMOLED</a>, 6&quot;, Full HD+</p>\r\n	</li>\r\n	<li>Hệ điều h&agrave;nh:\r\n	<p><a href=\"https://www.thegioididong.com/tin-tuc/android-7-1-co-mot-tinh-nang-se-khien-apple-phai-coi-chung-931121\" target=\"_blank\">Android 7.1 (Nougat)</a></p>\r\n	</li>\r\n	<li>Camera sau:\r\n	<p>16 MP</p>\r\n	</li>\r\n	<li>Camera trước:\r\n	<p>16 MP v&agrave; 8 MP</p>\r\n	</li>\r\n	<li>CPU:\r\n	<p><a href=\"https://www.thegioididong.com/hoi-dap/tim-hieu-chip-exynos-7885-1076599\" target=\"_blank\">Exynos 7885 8 nh&acirc;n 64-bit</a></p>\r\n	</li>\r\n	<li>RAM:\r\n	<p>6 GB</p>\r\n	</li>\r\n	<li>Bộ nhớ trong:\r\n	<p>64 GB</p>\r\n	</li>\r\n	<li>Thẻ nhớ:\r\n	<p><a href=\"https://www.thegioididong.com/the-nho-dien-thoai\" target=\"_blank\">MicroSD, hỗ trợ tối đa 256 GB</a></p>\r\n	</li>\r\n	<li>Thẻ SIM:\r\n	<p><a href=\"https://www.thegioididong.com/tin-tuc/tim-hieu-cac-loai-sim-thong-dung-sim-thuong-micro--590216#nanosim\" target=\"_blank\">2 Nano SIM</a>,&nbsp;<a href=\"https://www.thegioididong.com/hoi-dap/4g-la-gi-731757\" target=\"_blank\">Hỗ trợ 4G</a></p>\r\n\r\n	<p><strong>HOT</strong><a href=\"https://www.thegioididong.com/sim-so-dep/mobifone?t=50\">Mua sim Mobi Big 60 (3GB data/ th&aacute;ng)</a>. Gi&aacute; từ&nbsp;<strong>80.000đ</strong></p>\r\n	</li>\r\n</ul>\r\n', 23, 1, 'Phiếu mua hàng trị giá 1 triệu (Áp dụng từ 16/07) '),
(16, 'Samsung Galaxy S9+ 64GB', 1, 'Samsung', 23490000, 23489999, 'samsung-galaxy-s9-plus-64gb-xanh-san-ho-2-400x460.png', '<h2>Th&ocirc;ng số kỹ thuật</h2>\r\n\r\n<ul>\r\n	<li>M&agrave;n h&igrave;nh:\r\n	<p><a href=\"https://www.thegioididong.com/hoi-dap/man-hinh-super-amoled-la-gi-905770\" target=\"_blank\">Super AMOLED</a>, 6.2&quot;, Quad HD</p>\r\n	</li>\r\n	<li>Hệ điều h&agrave;nh\r\n	<p><a href=\"https://www.thegioididong.com/tin-tuc/android-8-la-gi-vi-sao-co-ten-goi-khac-la-android-o--966604\" target=\"_blank\">Android 8.0 (Oreo)</a></p>\r\n	</li>\r\n	<li>Camera sau:\r\n	<p>2 camera 12 MP</p>\r\n	</li>\r\n	<li>Camera trước:\r\n	<p>8 MP</p>\r\n	</li>\r\n	<li>CPU:\r\n	<p><a href=\"https://www.thegioididong.com/tin-tuc/samsung-trinh-lang-vi-xu-ly-exynos-9810-danh-cho-galaxy-s9-1040294\" target=\"_blank\">Exynos 9810 8 nh&acirc;n 64 bit</a></p>\r\n	</li>\r\n	<li>RAM:\r\n	<p>6 GB</p>\r\n	</li>\r\n	<li>Bộ nhớ trong:\r\n	<p>64 GB</p>\r\n	</li>\r\n	<li>Thẻ nhớ:\r\n	<p>MicroSD, hỗ trợ tối đa 400 GB</p>\r\n	</li>\r\n	<li>Thẻ SIM:\r\n	<p><a href=\"https://www.thegioididong.com/tin-tuc/tim-hieu-cac-loai-sim-thong-dung-sim-thuong-micro--590216#nanosim\" target=\"_blank\">2 SIM Nano (SIM 2 chung khe thẻ nhớ)</a>,&nbsp;<a href=\"https://www.thegioididong.com/hoi-dap/4g-la-gi-731757\" target=\"_blank\">Hỗ trợ 4G</a></p>\r\n	</li>\r\n	<li>Dung lượng pin:\r\n	<p>3500 mAh,&nbsp;<a href=\"https://www.thegioididong.com/hoi-dap/cong-nghe-sac-nhanh-tren-smartphone-755549\" target=\"_blank\">c&oacute; sạc nhanh</a></p>\r\n	</li>\r\n</ul>\r\n', 0, 2, 'ĐỘC QUYỀN: thu cũ đổi mới trợ giá 1.000.000đ '),
(17, 'Samsung Galaxy S9+ 64GB Tím', 1, 'Samsung', 23490000, 23489999, 'samsung-galaxy-s9-plus-64gb-tim-400x460.png', '<h2>Th&ocirc;ng số kỹ thuật</h2>\r\n\r\n<ul>\r\n	<li>M&agrave;n h&igrave;nh:\r\n	<p><a href=\"https://www.thegioididong.com/hoi-dap/man-hinh-super-amoled-la-gi-905770\" target=\"_blank\">Super AMOLED</a>, 6.2&quot;, Quad HD+ (2K+)</p>\r\n	</li>\r\n	<li>Hệ điều h&agrave;nh:\r\n	<p><a href=\"https://www.thegioididong.com/tin-tuc/android-8-la-gi-vi-sao-co-ten-goi-khac-la-android-o--966604\" target=\"_blank\">Android 8.0 (Oreo)</a></p>\r\n	</li>\r\n	<li>Camera sau:\r\n	<p>2 camera 12 MP</p>\r\n	</li>\r\n	<li>Camera trước:\r\n	<p>8 MP</p>\r\n	</li>\r\n	<li>CPU:\r\n	<p><a href=\"https://www.thegioididong.com/tin-tuc/samsung-trinh-lang-vi-xu-ly-exynos-9810-danh-cho-galaxy-s9-1040294\" target=\"_blank\">Exynos 9810 8 nh&acirc;n 64 bit</a></p>\r\n	</li>\r\n	<li>RAM:\r\n	<p>6 GB</p>\r\n	</li>\r\n	<li>Bộ nhớ trong:\r\n	<p>64 GB</p>\r\n	</li>\r\n	<li>Thẻ nhớ:\r\n	<p>MicroSD, hỗ trợ tối đa 400 GB</p>\r\n	</li>\r\n	<li>Thẻ SIM:\r\n	<p><a href=\"https://www.thegioididong.com/tin-tuc/tim-hieu-cac-loai-sim-thong-dung-sim-thuong-micro--590216#nanosim\" target=\"_blank\">2 SIM Nano (SIM 2 chung khe thẻ nhớ)</a>,&nbsp;<a href=\"https://www.thegioididong.com/hoi-dap/4g-la-gi-731757\" target=\"_blank\">Hỗ trợ 4G</a></p>\r\n	</li>\r\n	<li>Dung lượng pin:\r\n	<p>3500 mAh,&nbsp;<a href=\"https://www.thegioididong.com/hoi-dap/cong-nghe-sac-nhanh-tren-smartphone-755549\" target=\"_blank\">c&oacute; sạc nhanh</a></p>\r\n	</li>\r\n</ul>\r\n', 20, 1, 'Phiếu mua hàng trị giá 1 triệu (Áp dụng từ 16/07) '),
(18, 'Huawei P20 Pro', 1, 'Huawei ', 19990000, 19980000, 'samsung-galaxy-s9-plus-64gb-tim-400x4601.png', '<h2>Th&ocirc;ng số kỹ thuật</h2>\r\n\r\n<ul>\r\n	<li>M&agrave;n h&igrave;nh:\r\n	<p><a href=\"https://www.thegioididong.com/hoi-dap/man-hinh-oled-la-gi-905762\" target=\"_blank\">OLED</a>, 6.1&quot;, Full HD+</p>\r\n	</li>\r\n	<li>Hệ điều h&agrave;nh:\r\n	<p><a href=\"https://www.thegioididong.com/hoi-dap/co-gi-dac-biet-o-android-81-oreo-1073208\" target=\"_blank\">Android 8.1 (Oreo)</a></p>\r\n	</li>\r\n	<li>Camera sau:\r\n	<p>40 MP, 20 MP v&agrave; 8 MP (3 camera)</p>\r\n	</li>\r\n	<li>Camera trước:\r\n	<p>24 MP</p>\r\n	</li>\r\n	<li>CPU:\r\n	<p><a href=\"https://www.thegioididong.com/tin-tuc/chi-tiet-ve-vi-xu-ly-kirin-970-doi-thu-cua-snapdragon-835-1013962\" target=\"_blank\">Hisilicon Kirin 970 8 nh&acirc;n</a></p>\r\n	</li>\r\n	<li>RAM:\r\n	<p>6 GB</p>\r\n	</li>\r\n	<li>Bộ nhớ trong:\r\n	<p>128 GB</p>\r\n	</li>\r\n	<li>Thẻ SIM:\r\n	<p><a href=\"https://www.thegioididong.com/tin-tuc/tim-hieu-cac-loai-sim-thong-dung-sim-thuong-micro--590216#nanosim\" target=\"_blank\">2 Nano SIM</a>,&nbsp;<a href=\"https://www.thegioididong.com/hoi-dap/4g-la-gi-731757\" target=\"_blank\">Hỗ trợ 4G</a></p>\r\n\r\n	<p><strong>HOT</strong><a href=\"https://www.thegioididong.com/sim-so-dep/mobifone?t=50\">Mua sim Mobi Big 60 (3GB data/ th&aacute;ng)</a>. Gi&aacute; từ&nbsp;<strong>80.000đ</strong></p>\r\n	</li>\r\n	<li>Dung lượng pin:\r\n	<p>4000 mAh,&nbsp;<a href=\"https://www.thegioididong.com/hoi-dap/cong-nghe-sac-nhanh-tren-smartphone-755549\" target=\"_blank\">c&oacute; sạc nhanh</a></p>\r\n	</li>\r\n</ul>\r\n', 24, 1, 'Giảm 1 triệu cho Apple Watch khi mua kèm iPhone/iPad'),
(19, 'Sony Xperia XZ2', 1, 'Sony', 199900000, 198900000, 'sony-xperia-xz2-2-400x460.png', '<h2>Th&ocirc;ng số kỹ thuật</h2>\r\n\r\n<ul>\r\n	<li>M&agrave;n h&igrave;nh:\r\n	<p><a href=\"https://www.thegioididong.com/tin-tuc/loai-man-hinh-tft-lcd-amoled-la-gi--592346#hdr\" target=\"_blank\">IPS HDR LCD</a>, 5.7&quot;, Full HD+</p>\r\n	</li>\r\n	<li>Hệ điều h&agrave;nh:\r\n	<p><a href=\"https://www.thegioididong.com/tin-tuc/android-8-la-gi-vi-sao-co-ten-goi-khac-la-android-o--966604\" target=\"_blank\">Android 8.0 (Oreo)</a></p>\r\n	</li>\r\n	<li>Camera sau:\r\n	<p>19 MP</p>\r\n	</li>\r\n	<li>Camera trước:\r\n	<p>5 MP</p>\r\n	</li>\r\n	<li>CPU:\r\n	<p><a href=\"https://www.thegioididong.com/tin-tuc/chip-snapdragon-845-manh-hon-25-tap-trung-ai-bao-mat-cao-1048166\" target=\"_blank\">Snapdragon 845 8 nh&acirc;n</a></p>\r\n	</li>\r\n	<li>RAM:\r\n	<p>4 GB</p>\r\n	</li>\r\n	<li>Bộ nhớ trong:\r\n	<p>64 GB</p>\r\n	</li>\r\n	<li>Thẻ nhớ:\r\n	<p>MicroSD, hỗ trợ tối đa 400 GB</p>\r\n	</li>\r\n	<li>Thẻ SIM:\r\n	<p><a href=\"https://www.thegioididong.com/tin-tuc/tim-hieu-cac-loai-sim-thong-dung-sim-thuong-micro--590216#nanosim\" target=\"_blank\">2 Nano SIM</a>,&nbsp;<a href=\"https://www.thegioididong.com/hoi-dap/4g-la-gi-731757\" target=\"_blank\">Hỗ trợ 4G</a></p>\r\n	</li>\r\n	<li>Dung lượng pin:\r\n	<p>3180 mAh,&nbsp;<a href=\"https://www.thegioididong.com/hoi-dap/cong-nghe-sac-nhanh-tren-smartphone-755549\" target=\"_blank\">c&oacute; sạc nhanh</a></p>\r\n	</li>\r\n</ul>\r\n', 10, 1, 'Phiếu mua hàng trị giá 1 triệu (Áp dụng từ 16/07) '),
(20, 'Sony Xperia XZ Premium', 1, 'Sony', 14990000, 14990000, 'sony-xperia-xz-premium-1-400x460.png', '<h2>Th&ocirc;ng số kỹ thuật</h2>\r\n\r\n<ul>\r\n	<li>M&agrave;n h&igrave;nh:\r\n	<p><a href=\"https://www.thegioididong.com/hoi-dap/man-hinh-ips-lcd-la-gi-905752\" target=\"_blank\">IPS LCD</a>, 5.5&quot;,&nbsp;<a href=\"https://www.thegioididong.com/hoi-dap/man-hinh-4k-co-gi-dac-biet-1014488\" target=\"_blank\">Ultra HD (4K)</a></p>\r\n	</li>\r\n	<li>Hệ điều h&agrave;nh:\r\n	<p><a href=\"https://www.thegioididong.com/tin-tuc/android-8-la-gi-vi-sao-co-ten-goi-khac-la-android-o--966604\" target=\"_blank\">Android 8.0 (Oreo)</a></p>\r\n	</li>\r\n	<li>Camera sau:\r\n	<p>19 MP</p>\r\n	</li>\r\n	<li>Camera trước:\r\n	<p>13 MP</p>\r\n	</li>\r\n	<li>CPU:\r\n	<p><a href=\"https://www.thegioididong.com/hoi-dap/tim-hieu-chip-qualcomm-snapdragon-835-931369\" target=\"_blank\">Qualcomm Snapdragon 835 8 nh&acirc;n 64-bit</a></p>\r\n	</li>\r\n	<li>RAM:\r\n	<p>4 GB</p>\r\n	</li>\r\n	<li>Bộ nhớ trong:\r\n	<p>64 GB</p>\r\n	</li>\r\n	<li>Thẻ nhớ:\r\n	<p><a href=\"https://www.thegioididong.com/the-nho-dien-thoai\" target=\"_blank\">MicroSD, hỗ trợ tối đa 256 GB</a></p>\r\n	</li>\r\n	<li>Thẻ SIM:\r\n	<p><a href=\"https://www.thegioididong.com/tin-tuc/tim-hieu-cac-loai-sim-thong-dung-sim-thuong-micro--590216#nanosim\" target=\"_blank\">2 SIM Nano (SIM 2 chung khe thẻ nhớ)</a>,&nbsp;<a href=\"https://www.thegioididong.com/hoi-dap/4g-la-gi-731757\" target=\"_blank\">Hỗ trợ 4G</a></p>\r\n	</li>\r\n	<li>Dung lượng pin:\r\n	<p>3230 mAh,&nbsp;<a href=\"https://www.thegioididong.com/hoi-dap/cong-nghe-sac-nhanh-tren-smartphone-755549\" target=\"_blank\">c&oacute; sạc nhanh</a></p>\r\n	</li>\r\n</ul>\r\n', 5, 1, 'Giảm 1 triệu cho Apple Watch khi mua kèm iPhone/iPad'),
(21, 'Bphone 2017', 1, 'Bphone', 9790000, 9690000, 'bkav-bphone-2-hero-400x460.png', '<h2>Th&ocirc;ng số kỹ thuật</h2>\r\n\r\n<ul>\r\n	<li>M&agrave;n h&igrave;nh:\r\n	<p><a href=\"https://www.thegioididong.com/hoi-dap/man-hinh-ips-lcd-la-gi-905752\" target=\"_blank\">IPS LCD</a>, 5.5&quot;,&nbsp;<a href=\"https://www.thegioididong.com/tin-tuc/do-phan-giai-man-hinh-qhd-hd-fullhd-2k-4k-la-gi--592178#fullhd\" target=\"_blank\">Full HD</a></p>\r\n	</li>\r\n	<li>Hệ điều h&agrave;nh:\r\n	<p><a href=\"https://www.thegioididong.com/hoi-dap/he-dieu-hanh-bos-cua-bkav-bphone-co-gi-647325\" target=\"_blank\">BOS (Android 7.1)</a></p>\r\n	</li>\r\n	<li>Camera sau:\r\n	<p>16 MP</p>\r\n	</li>\r\n	<li>Camera trước:\r\n	<p>8 MP</p>\r\n	</li>\r\n	<li>CPU:\r\n	<p><a href=\"https://www.thegioididong.com/hoi-dap/qualcomm-snapdragon-625-839970\" target=\"_blank\">Snapdragon 625 8 nh&acirc;n 64-bit</a></p>\r\n	</li>\r\n	<li>RAM:\r\n	<p>3 GB</p>\r\n	</li>\r\n	<li>Bộ nhớ trong:\r\n	<p>32 GB</p>\r\n	</li>\r\n	<li>Thẻ nhớ:\r\n	<p><a href=\"https://www.thegioididong.com/the-nho-dien-thoai\" target=\"_blank\">MicroSD, hỗ trợ tối đa 256 GB</a></p>\r\n	</li>\r\n	<li>Thẻ SIM:\r\n	<p><a href=\"https://www.thegioididong.com/tin-tuc/tim-hieu-cac-loai-sim-thong-dung-sim-thuong-micro--590216#nanosim\" target=\"_blank\">2 Nano SIM</a>,&nbsp;<a href=\"https://www.thegioididong.com/hoi-dap/4g-la-gi-731757\" target=\"_blank\">Hỗ trợ 4G</a></p>\r\n\r\n	<p><strong>HOT</strong><a href=\"https://www.thegioididong.com/sim-so-dep/mobifone?t=50\">Mua sim Mobi Big 60 (3GB data/ th&aacute;ng)</a>. Gi&aacute; từ&nbsp;<strong>80.000đ</strong></p>\r\n	</li>\r\n	<li>Dung lượng pin:\r\n	<p>3000 mAh,&nbsp;<a href=\"https://www.thegioididong.com/hoi-dap/cong-nghe-sac-nhanh-tren-smartphone-755549\" target=\"_blank\">c&oacute; sạc nhanh</a></p>\r\n	</li>\r\n</ul>\r\n', 25, 1, 'Phiếu mua hàng trị giá 1 triệu (Áp dụng từ 16/07) '),
(22, ' OPPO F7 128GB', 1, 'OPPO', 9990000, 9990000, 'oppo-f7-128gb-den-400x460.png', '<h2>Th&ocirc;ng số kỹ thuật</h2>\r\n\r\n<ul>\r\n	<li>M&agrave;n h&igrave;nh:\r\n	<p><a href=\"https://www.thegioididong.com/tin-tuc/loai-man-hinh-tft-lcd-amoled-la-gi--592346\" target=\"_blank\">LTPS LCD</a>, 6.23&quot;, Full HD+</p>\r\n	</li>\r\n	<li>Hệ điều h&agrave;nh:\r\n	<p><a href=\"https://www.thegioididong.com/hoi-dap/he-dieu-hanh-coloros-tren-oppo-la-ma-quen-1073718\" target=\"_blank\">ColorOS 5.0 (Android 8.1)</a></p>\r\n	</li>\r\n	<li>Camera sau:\r\n	<p>16 MP</p>\r\n	</li>\r\n	<li>Camera trước:\r\n	<p>25 MP</p>\r\n	</li>\r\n	<li>CPU:\r\n	<p><a href=\"https://www.thegioididong.com/tin-tuc/mediatek-gioi-thieu-helio-p60-tai-mwc-2018-tap-trung-ai-va-hieu-suat-1069899\" target=\"_blank\">MediaTek Helio P60 8 nh&acirc;n 64-bit</a></p>\r\n	</li>\r\n	<li>RAM:\r\n	<p>6 GB</p>\r\n	</li>\r\n	<li>Bộ nhớ trong:\r\n	<p>128 GB</p>\r\n	</li>\r\n	<li>Thẻ nhớ:\r\n	<p><a href=\"https://www.thegioididong.com/the-nho-dien-thoai\" target=\"_blank\">MicroSD, hỗ trợ tối đa 256 GB</a></p>\r\n	</li>\r\n	<li>Thẻ SIM:\r\n	<p><a href=\"https://www.thegioididong.com/tin-tuc/tim-hieu-cac-loai-sim-thong-dung-sim-thuong-micro--590216#nanosim\" target=\"_blank\">2 Nano SIM</a>,&nbsp;<a href=\"https://www.thegioididong.com/hoi-dap/4g-la-gi-731757\" target=\"_blank\">Hỗ trợ 4G</a></p>\r\n\r\n	<p><strong>HOT</strong><a href=\"https://www.thegioididong.com/sim-so-dep/mobifone?t=50\">Mua sim Mobi Big 60 (3GB data/ th&aacute;ng)</a>. Gi&aacute; từ&nbsp;<strong>80.000đ</strong></p>\r\n	</li>\r\n	<li>Dung lượng pin:\r\n	<p>3400 mAh</p>\r\n	</li>\r\n</ul>\r\n', 5, 1, ' Giảm 1 triệu cho Apple Watch khi mua kèm iPhone/iPad'),
(23, 'iPad Wifi 32GB (2018)', 7, 'Apple', 9990000, 9980000, 'ipad-6th-wifi-32gb-1-400x460.png', '<h2>Th&ocirc;ng số kỹ thuật</h2>\r\n\r\n<ul>\r\n	<li>M&agrave;n h&igrave;nh\r\n	<p><a href=\"https://www.thegioididong.com/tin-tuc/cac-cong-nghe-hien-thi-tren-man-hinh-laptop-597377#ledbacklit\" target=\"_blank\">LED backlit LCD</a>, 9.7&quot;</p>\r\n	</li>\r\n	<li>Hệ điều h&agrave;nh\r\n	<p>iOS 11.3</p>\r\n	</li>\r\n	<li>CPU\r\n	<p>Apple A10 Fusion, 2.34 GHz</p>\r\n	</li>\r\n	<li>RAM\r\n	<p>2 GB</p>\r\n	</li>\r\n	<li>Bộ nhớ trong\r\n	<p>32 GB</p>\r\n	</li>\r\n	<li>Camera sau\r\n	<p>8 MP</p>\r\n	</li>\r\n	<li>Camera trước\r\n	<p>1.2 MP</p>\r\n	</li>\r\n	<li>Kết nối mạng\r\n	<p>WiFi, Kh&ocirc;ng hỗ trợ 3G, Kh&ocirc;ng hỗ trợ 4G</p>\r\n	</li>\r\n	<li>Đ&agrave;m thoại\r\n	<p><a href=\"https://www.thegioididong.com/tin-tuc/facetime-la-gi--590056\" target=\"_blank\">FaceTime</a></p>\r\n	</li>\r\n	<li>Trọng lượng\r\n	<p>469 g</p>\r\n	</li>\r\n</ul>\r\n', 19, 0, 'Phiếu mua hàng trị giá 1 triệu (Áp dụng từ 16/07) '),
(24, 'Samsung Galaxy Tab E 9.6 (SM-T561)', 7, 'Samsung', 5490000, 4490000, 'samsung-galaxy-tab-e-96-sm-t561-400-400x400.png', '<h2>Th&ocirc;ng số kỹ thuật</h2>\r\n\r\n<ul>\r\n	<li>M&agrave;n h&igrave;nh\r\n	<p><a href=\"https://www.thegioididong.com/tin-tuc/loai-man-hinh-tft-lcd-amoled-la-gi--592346#tftlcd\" target=\"_blank\">TFT</a>, 9.6&quot;</p>\r\n	</li>\r\n	<li>Hệ điều h&agrave;nh\r\n	<p><a href=\"https://www.thegioididong.com/tin-tuc/he-dieu-hanh-android-qua-cac-phien-ban-cap-nhat-592544#android44\" target=\"_blank\">Android 4.4</a></p>\r\n	</li>\r\n	<li>CPU\r\n	<p><a href=\"https://www.thegioididong.com/hoi-dap/tim-hieu-ve-soc-spreadtrum-tren-samsung-galaxy-cor-601141\" target=\"_blank\">Spreadtrum 4 nh&acirc;n</a>, 1.3 GHz</p>\r\n	</li>\r\n	<li>RAM\r\n	<p>1.5 GB</p>\r\n	</li>\r\n	<li>Bộ nhớ trong\r\n	<p>8 GB</p>\r\n	</li>\r\n	<li>Camera sau\r\n	<p>5 MP</p>\r\n	</li>\r\n	<li>Camera trước\r\n	<p>2 MP</p>\r\n	</li>\r\n	<li>Kết nối mạng\r\n	<p>WiFi, 3G, Kh&ocirc;ng hỗ trợ 4G</p>\r\n	</li>\r\n	<li>Hỗ trợ SIM\r\n	<p><a href=\"http://www.thegioididong.com/tin-tuc/tim-hieu-cac-loai-sim-thong-dung-sim-thuong-micro--590216#microsim\" target=\"_blank\">Micro sim</a></p>\r\n	</li>\r\n	<li>Đ&agrave;m thoại\r\n	<p>C&oacute;</p>\r\n	</li>\r\n</ul>\r\n', 12, 1, 'Phiếu mua hàng trị giá 1 triệu (Áp dụng từ 16/07) '),
(25, 'Huawei MediaPad T3 10 (2017)', 7, 'Huawei ', 4490000, 4490000, 'huawei-mediapad-t3-10-inch-400-400x460.png', '<h2>Th&ocirc;ng số kỹ thuật</h2>\r\n\r\n<ul>\r\n	<li>M&agrave;n h&igrave;nh\r\n	<p><a href=\"https://www.thegioididong.com/hoi-dap/cong-nghe-man-hinh-pls-lcd-901358\" target=\"_blank\">PLS LCD</a>, 10&quot;</p>\r\n	</li>\r\n	<li>Hệ điều h&agrave;nh\r\n	<p><a href=\"https://www.thegioididong.com/hoi-dap/android-70-nougat-co-gi-moi-891101\" target=\"_blank\">Android 7.0</a></p>\r\n	</li>\r\n	<li>CPU\r\n	<p><a href=\"https://www.thegioididong.com/hoi-dap/tim-hieu-chip-qualcomm-snapdragon-425-1009665\" target=\"_blank\">Qualcomm MSM8917</a>, 1.4 GHz</p>\r\n	</li>\r\n	<li>RAM\r\n	<p>2 GB</p>\r\n	</li>\r\n	<li>Bộ nhớ trong\r\n	<p>16 GB</p>\r\n	</li>\r\n	<li>Camera sau\r\n	<p>5 MP</p>\r\n	</li>\r\n	<li>Camera trước\r\n	<p>2 MP</p>\r\n	</li>\r\n	<li>Kết nối mạng\r\n	<p>WiFi, 3G,&nbsp;<a href=\"https://www.thegioididong.com/hoi-dap/4g-la-gi-731757\" target=\"_blank\">4G LTE</a></p>\r\n	</li>\r\n</ul>\r\n', 3, 1, 'Giảm ngay 1 triệu'),
(26, 'Lenovo Phab 2', 7, 'Lenovo', 3990000, 3990000, 'lenovo-phab2-460-400x460.png', '<h2>Th&ocirc;ng số kỹ thuật</h2>\r\n\r\n<ul>\r\n	<li>M&agrave;n h&igrave;nh\r\n	<p><a href=\"https://www.thegioididong.com/hoi-dap/man-hinh-ips-lcd-la-gi-905752\" target=\"_blank\">IPS LCD</a>, 6.4&quot;</p>\r\n	</li>\r\n	<li>Hệ điều h&agrave;nh\r\n	<p><a href=\"https://www.thegioididong.com/hoi-dap/android-6-marshmallow-co-gi-hot-726146\" target=\"_blank\">Android 6.0 (Marshmallow)</a></p>\r\n	</li>\r\n	<li>CPU\r\n	<p><a href=\"https://www.thegioididong.com/tin-tuc/tim-hieu-vi-xu-ly-tren-di-dong-chip-mediatek-592855\" target=\"_blank\">MediaTek MT 8735 4 nh&acirc;n</a>, 1.3 GHz</p>\r\n	</li>\r\n	<li>RAM\r\n	<p>3 GB</p>\r\n	</li>\r\n	<li>Bộ nhớ trong\r\n	<p>32 GB</p>\r\n	</li>\r\n	<li>Camera sau\r\n	<p>13 MP</p>\r\n	</li>\r\n	<li>Camera trước\r\n	<p>5 MP</p>\r\n	</li>\r\n	<li>Kết nối mạng\r\n	<p>WiFi, 3G,&nbsp;<a href=\"https://www.thegioididong.com/hoi-dap/4g-la-gi-731757\" target=\"_blank\">4G LTE</a></p>\r\n\r\n	<p><strong>HOT</strong><a href=\"https://www.thegioididong.com/sim-so-dep/viettel?t=33\">Mua sim Viettel DATA 7GB (7GB data/th&aacute;ng), mỗi th&aacute;ng nạp chỉ 70.000đ</a>. Gi&aacute; từ&nbsp;<strong>80.000đ</strong></p>\r\n	</li>\r\n	<li>Hỗ trợ SIM\r\n	<p><a href=\"http://www.thegioididong.com/tin-tuc/tim-hieu-cac-loai-sim-thong-dung-sim-thuong-micro--590216#microsim\" target=\"_blank\">Micro sim</a></p>\r\n	</li>\r\n	<li>Đ&agrave;m thoại\r\n	<p>C&oacute;</p>\r\n	</li>\r\n</ul>\r\n', 2, 1, 'Giảm 1 triệu cho Apple Watch khi mua kèm iPhone/iPad'),
(27, 'Samsung Galaxy Tab A 8.0 (2017)', 7, 'Samsung', 54900000, 54900000, 'samsung-galaxy-tab-a-80-2017-9-400x460.png', '<h2>Th&ocirc;ng số kỹ thuật</h2>\r\n\r\n<ul>\r\n	<li>M&agrave;n h&igrave;nh\r\n	<p><a href=\"https://www.thegioididong.com/tin-tuc/loai-man-hinh-tft-lcd-amoled-la-gi--592346#tftlcd\" target=\"_blank\">PLS TFT</a>, 8&quot;</p>\r\n	</li>\r\n	<li>Hệ điều h&agrave;nh\r\n	<p><a href=\"https://www.thegioididong.com/hoi-dap/android-70-nougat-co-gi-moi-891101\" target=\"_blank\">Android 7.0</a></p>\r\n	</li>\r\n	<li>CPU\r\n	<p><a href=\"https://www.thegioididong.com/hoi-dap/tim-hieu-chip-qualcomm-snapdragon-425-1009665\" target=\"_blank\">Qualcomm MSM8917</a>, 1.4 GHz</p>\r\n	</li>\r\n	<li>RAM\r\n	<p>2 GB</p>\r\n	</li>\r\n	<li>Bộ nhớ trong\r\n	<p>16 GB</p>\r\n	</li>\r\n	<li>Camera sau\r\n	<p>8 MP</p>\r\n	</li>\r\n	<li>Camera trước\r\n	<p>5 MP</p>\r\n	</li>\r\n	<li>Kết nối mạng\r\n	<p>WiFi, 3G,&nbsp;<a href=\"https://www.thegioididong.com/hoi-dap/4g-la-gi-731757\" target=\"_blank\">4G LTE</a></p>\r\n\r\n	<p><strong>HOT</strong><a href=\"https://www.thegioididong.com/sim-so-dep/viettel?t=33\">Mua sim Viettel DATA 7GB (7GB data/th&aacute;ng), mỗi th&aacute;ng nạp chỉ 70.000đ</a>. Gi&aacute; từ&nbsp;<strong>80.000đ</strong></p>\r\n	</li>\r\n	<li>Hỗ trợ SIM\r\n	<p><a href=\"http://www.thegioididong.com/tin-tuc/tim-hieu-cac-loai-sim-thong-dung-sim-thuong-micro--590216#nanosim\" target=\"_blank\">Nano Sim</a></p>\r\n	</li>\r\n	<li>Đ&agrave;m thoại\r\n	<p>C&oacute;</p>\r\n	</li>\r\n</ul>\r\n', 25, 1, 'Phiếu mua hàng trị giá 1 triệu (Áp dụng từ 16/07) '),
(28, 'iPad Mini 4 Wifi 128GB', 7, 'Apple', 9990000, 9790000, 'ipad-mini-4-wifi-128gb-400-400x460.png', '<h2>Th&ocirc;ng số kỹ thuật</h2>\r\n\r\n<ul>\r\n	<li>M&agrave;n h&igrave;nh\r\n	<p><a href=\"https://www.thegioididong.com/tin-tuc/cac-cong-nghe-hien-thi-tren-man-hinh-laptop-597377#ledbacklit\" target=\"_blank\">LED backlit LCD</a>, 7.9&quot;</p>\r\n	</li>\r\n	<li>Hệ điều h&agrave;nh\r\n	<p><a href=\"https://www.thegioididong.com/hoi-dap/trai-nghiem-nhung-tinh-nang-hay-tren-ios-10-887760\" target=\"_blank\">iOS 10</a></p>\r\n	</li>\r\n	<li>CPU\r\n	<p><a href=\"https://www.thegioididong.com/tin-tuc/tim-hieu-ve-chip-xu-ly-danh-cho-di-dong-cua-apple-592848#applea8\" target=\"_blank\">Apple A8</a>, 1.5 GHz</p>\r\n	</li>\r\n	<li>RAM\r\n	<p>2 GB</p>\r\n	</li>\r\n	<li>Bộ nhớ trong\r\n	<p>128 GB</p>\r\n	</li>\r\n	<li>Camera sau\r\n	<p>8 MP</p>\r\n	</li>\r\n	<li>Camera trước\r\n	<p>1.2 MP</p>\r\n	</li>\r\n	<li>Kết nối mạng\r\n	<p>WiFi, Kh&ocirc;ng hỗ trợ 3G, Kh&ocirc;ng hỗ trợ 4G</p>\r\n	</li>\r\n	<li>Đ&agrave;m thoại\r\n	<p><a href=\"https://www.thegioididong.com/tin-tuc/facetime-la-gi--590056\" target=\"_blank\">FaceTime</a></p>\r\n	</li>\r\n	<li>Trọng lượng\r\n	<p>299 g</p>\r\n	</li>\r\n</ul>\r\n', 2, 2, 'Phiếu mua hàng trị giá 1 triệu (Áp dụng từ 16/07) '),
(29, 'HP 15 bs571TU i3 Win10', 8, 'HP', 9890000, 9790000, 'hp-15-bs571tu-i3-6006u-2jq68pa-ava-1-600x600.jpg', '<h2>Th&ocirc;ng số kỹ thuật</h2>\r\n\r\n<ul>\r\n	<li>CPU:\r\n	<p><a href=\"https://www.thegioididong.com/hoi-dap/intel-core-the-he-thu-6-skylake-774739#i3\" target=\"_blank\">Intel Core i3 Skylake</a>, 6006U, 2.00 GHz</p>\r\n	</li>\r\n	<li>RAM:\r\n	<p>4 GB,&nbsp;<a href=\"https://www.thegioididong.com/hoi-dap/ram-ddr4-la-gi-882173\" target=\"_blank\">DDR4 (1 khe)</a>, 2133 MHz</p>\r\n	</li>\r\n	<li>Ổ cứng:\r\n	<p><a href=\"https://www.thegioididong.com/hoi-dap/hdd-la-gi-922791\" target=\"_blank\">HDD: 1 TB</a></p>\r\n	</li>\r\n	<li>M&agrave;n h&igrave;nh:\r\n	<p>15.6 inch, HD (1366 x 768)</p>\r\n	</li>\r\n	<li>Card m&agrave;n h&igrave;nh:\r\n	<p><a href=\"https://www.thegioididong.com/hoi-dap/card-do-hoa-tich-hop-la-gi-950047\" target=\"_blank\">Card đồ họa t&iacute;ch hợp</a>,&nbsp;<a href=\"https://www.thegioididong.com/hoi-dap/intel-hd-graphics-520-843418\" target=\"_blank\">Intel&reg; HD Graphics 520</a></p>\r\n	</li>\r\n	<li>Cổng kết nối:\r\n	<p><a href=\"https://www.thegioididong.com/hoi-dap/usb-30-la-gi-926737\" target=\"_blank\">2 x USB 3.0</a>,&nbsp;<a href=\"https://www.thegioididong.com/tin-tuc/hdmi-la-gi--590061\" target=\"_blank\">HDMI</a>,&nbsp;<a href=\"https://www.thegioididong.com/hoi-dap/cho-minh-hoi-thong-so-laptop-co-nhung-cai-nay-10-743872\" target=\"_blank\">LAN (RJ45)</a>,&nbsp;<a href=\"https://www.thegioididong.com/tin-tuc/cong-giao-tiep-usb-la-gi--590168\" target=\"_blank\">USB 2.0</a></p>\r\n	</li>\r\n	<li>Hệ điều h&agrave;nh:\r\n	<p><a href=\"https://www.thegioididong.com/hoi-dap/windows-10-co-tot-khong-953411\" target=\"_blank\">Windows 10 Home SL</a></p>\r\n	</li>\r\n	<li>Thiết kế:\r\n	<p>Vỏ nhựa, PIN rời</p>\r\n	</li>\r\n	<li>K&iacute;ch thước:\r\n	<p>D&agrave;y 23.8 mm, 1.86 kg</p>\r\n	</li>\r\n</ul>\r\n', 4, 1, 'Phiếu mua hàng trị giá 1 triệu (Áp dụng từ 16/07) '),
(30, 'Asus X510UA i3 Win10', 8, 'Asus', 11290000, 11190000, 'asus-x510ua-i3-7100u-br650t-ava-1-600x600.jpg', '<h2>Th&ocirc;ng số kỹ thuật</h2>\r\n\r\n<ul>\r\n	<li>CPU:\r\n	<p><a href=\"https://www.thegioididong.com/hoi-dap/bo-xu-ly-intel-core-i3-i5-i7-the-he-thu-7-952583\" target=\"_blank\">Intel Core i3 Kabylake</a>, 7100U, 2.40 GHz</p>\r\n	</li>\r\n	<li>RAM:\r\n	<p>4 GB,&nbsp;<a href=\"https://www.thegioididong.com/hoi-dap/ram-ddr4-la-gi-882173\" target=\"_blank\">DDR4 (2 khe)</a>, 2133 MHz</p>\r\n	</li>\r\n	<li>Ổ cứng:\r\n	<p><a href=\"https://www.thegioididong.com/hoi-dap/hdd-la-gi-922791\" target=\"_blank\">HDD: 1 TB</a></p>\r\n	</li>\r\n	<li>M&agrave;n h&igrave;nh:\r\n	<p>15.6 inch, HD (1366 x 768)</p>\r\n	</li>\r\n	<li>Card m&agrave;n h&igrave;nh:\r\n	<p><a href=\"https://www.thegioididong.com/hoi-dap/card-do-hoa-tich-hop-la-gi-950047\" target=\"_blank\">Card đồ họa t&iacute;ch hợp</a>,&nbsp;<a href=\"https://www.thegioididong.com/hoi-dap/intel-hd-graphics-620-co-manh-khong-953533\" target=\"_blank\">Intel&reg; HD Graphics 620</a></p>\r\n	</li>\r\n	<li>Cổng kết nối:\r\n	<p><a href=\"https://www.thegioididong.com/tin-tuc/cong-giao-tiep-usb-la-gi--590168\" target=\"_blank\">2 x USB 2.0</a>,&nbsp;<a href=\"https://www.thegioididong.com/tin-tuc/hdmi-la-gi--590061\" target=\"_blank\">HDMI</a>,&nbsp;<a href=\"https://www.thegioididong.com/hoi-dap/usb-type-c-chua-n-mu-c-co-ng-ke-t-no-i-mo-i-723760\" target=\"_blank\">USB Type-C</a>,&nbsp;<a href=\"https://www.thegioididong.com/hoi-dap/usb-30-la-gi-926737\" target=\"_blank\">USB 3.0</a></p>\r\n	</li>\r\n	<li>Hệ điều h&agrave;nh:\r\n	<p><a href=\"https://www.thegioididong.com/hoi-dap/windows-10-co-tot-khong-953411\" target=\"_blank\">Windows 10 Home SL</a></p>\r\n	</li>\r\n	<li>Thiết kế:\r\n	<p>Vỏ nhựa, PIN liền</p>\r\n	</li>\r\n	<li>K&iacute;ch thước:\r\n	<p>D&agrave;y 19.4 mm, 1.5 kg</p>\r\n	</li>\r\n</ul>\r\n', 5, 1, 'Giảm ngay 1 triệu'),
(31, 'Acer Aspire ES1 432 N3350 Win10', 8, 'Acer', 6290000, 6190000, 'acer-aspire-es1-432-c3c9-n3350-nxgfssv005-ava-600x600.jpg', '<h2>Th&ocirc;ng số kỹ thuật</h2>\r\n\r\n<ul>\r\n	<li>CPU:\r\n	<p><a href=\"https://www.thegioididong.com/tin-tuc/tim-hieu-vi-xu-ly-may-tinh-cpu-intel-596066#intelceleron\" target=\"_blank\">Intel Celeron</a>, N3350, 1.10 GHz</p>\r\n	</li>\r\n	<li>RAM:\r\n	<p>2 GB,&nbsp;<a href=\"https://www.thegioididong.com/hoi-dap/ram-ddr3l-on-board-la-nhu-the-nao-951049\" target=\"_blank\">DDR3L(On board)</a>, 1600 MHz</p>\r\n	</li>\r\n	<li>Ổ cứng:\r\n	<p><a href=\"https://www.thegioididong.com/hoi-dap/hdd-la-gi-922791\" target=\"_blank\">HDD: 500 GB</a></p>\r\n	</li>\r\n	<li>M&agrave;n h&igrave;nh:\r\n	<p>14 inch, HD (1366 x 768)</p>\r\n	</li>\r\n	<li>Card m&agrave;n h&igrave;nh:\r\n	<p><a href=\"https://www.thegioididong.com/hoi-dap/card-do-hoa-tich-hop-la-gi-950047\" target=\"_blank\">Card đồ họa t&iacute;ch hợp</a>,&nbsp;<a href=\"https://www.thegioididong.com/tin-tuc/card-do-hoa-onboard-tren-laptop-594905#intelhdgraphics\" target=\"_blank\">Intel&reg; HD Graphics</a></p>\r\n	</li>\r\n	<li>Cổng kết nối:\r\n	<p><a href=\"https://www.thegioididong.com/tin-tuc/cong-giao-tiep-usb-la-gi--590168\" target=\"_blank\">2 x USB 2.0</a>,&nbsp;<a href=\"https://www.thegioididong.com/tin-tuc/hdmi-la-gi--590061\" target=\"_blank\">HDMI</a>,&nbsp;<a href=\"https://www.thegioididong.com/hoi-dap/cho-minh-hoi-thong-so-laptop-co-nhung-cai-nay-10-743872\" target=\"_blank\">LAN (RJ45)</a>,&nbsp;<a href=\"https://www.thegioididong.com/hoi-dap/usb-30-la-gi-926737\" target=\"_blank\">USB 3.0</a></p>\r\n	</li>\r\n	<li>Hệ điều h&agrave;nh:\r\n	<p><a href=\"https://www.thegioididong.com/hoi-dap/windows-10-co-tot-khong-953411\" target=\"_blank\">Windows 10 Home SL</a></p>\r\n	</li>\r\n	<li>Thiết kế:\r\n	<p>Vỏ nhựa, PIN liền</p>\r\n	</li>\r\n	<li>K&iacute;ch thước:\r\n	<p>D&agrave;y 23.6 mm, 1.92 kg</p>\r\n	</li>\r\n</ul>\r\n', 5, 1, 'Phiếu mua hàng trị giá 1 triệu (Áp dụng từ 16/07) '),
(32, 'Acer ES1 533 P6L2 Win10', 8, 'Acer', 7490000, 7390000, 'acer-es1-533-p6l2-n4200-nxgftsv00-ava-1-600x600.jpg', '<h2>Th&ocirc;ng số kỹ thuật</h2>\r\n\r\n<ul>\r\n	<li>CPU:\r\n	<p><a href=\"https://www.thegioididong.com/tin-tuc/tim-hieu-vi-xu-ly-may-tinh-cpu-intel-596066#intelpentinum\" target=\"_blank\">Intel Pentium</a>, N4200, 1.10 GHz</p>\r\n	</li>\r\n	<li>RAM:\r\n	<p>4 GB,&nbsp;<a href=\"https://www.thegioididong.com/tin-tuc/ram-laptop-599009#ramddr3l\" target=\"_blank\">DDR3L (1 khe RAM)</a>, 1600 MHz</p>\r\n	</li>\r\n	<li>Ổ cứng:\r\n	<p><a href=\"https://www.thegioididong.com/hoi-dap/hdd-la-gi-922791\" target=\"_blank\">HDD: 500 GB</a></p>\r\n	</li>\r\n	<li>M&agrave;n h&igrave;nh:\r\n	<p>15.6 inch, HD (1366 x 768)</p>\r\n	</li>\r\n	<li>Card m&agrave;n h&igrave;nh:\r\n	<p><a href=\"https://www.thegioididong.com/hoi-dap/card-do-hoa-tich-hop-la-gi-950047\" target=\"_blank\">Card đồ họa t&iacute;ch hợp</a>,&nbsp;<a href=\"https://www.thegioididong.com/tin-tuc/card-do-hoa-onboard-tren-laptop-594905#intelhdgraphics\" target=\"_blank\">Intel&reg; HD Graphics</a></p>\r\n	</li>\r\n	<li>Cổng kết nối:\r\n	<p><a href=\"https://www.thegioididong.com/tin-tuc/cong-giao-tiep-usb-la-gi--590168\" target=\"_blank\">2 x USB 2.0</a>,&nbsp;<a href=\"https://www.thegioididong.com/tin-tuc/hdmi-la-gi--590061\" target=\"_blank\">HDMI</a>,&nbsp;<a href=\"https://www.thegioididong.com/hoi-dap/cho-minh-hoi-thong-so-laptop-co-nhung-cai-nay-10-743872\" target=\"_blank\">LAN (RJ45)</a>,&nbsp;<a href=\"https://www.thegioididong.com/hoi-dap/usb-30-la-gi-926737\" target=\"_blank\">USB 3.0</a></p>\r\n	</li>\r\n	<li>Hệ điều h&agrave;nh:\r\n	<p><a href=\"https://www.thegioididong.com/hoi-dap/windows-10-co-tot-khong-953411\" target=\"_blank\">Windows 10 Home SL</a></p>\r\n	</li>\r\n	<li>Thiết kế:\r\n	<p>Vỏ nhựa, PIN liền</p>\r\n	</li>\r\n	<li>K&iacute;ch thước:\r\n	<p>D&agrave;y 24.6 mm, 2.4 kg</p>\r\n	</li>\r\n</ul>\r\n', 2, 1, 'Phiếu mua hàng trị giá 1 triệu (Áp dụng từ 16/07) ');
INSERT INTO `product` (`id_product`, `name_product`, `id_category`, `label`, `price`, `price_sales`, `image`, `description`, `quantity`, `status`, `note_km`) VALUES
(33, 'HP 15 bs646TU i3 Win10', 8, 'HP', 101900000, 100900000, 'hp-15-bs646tu-3ms00pa-ava-600x600.jpg', '<h2>Th&ocirc;ng số kỹ thuật</h2>\r\n\r\n<ul>\r\n	<li>CPU:\r\n	<p><a href=\"https://www.thegioididong.com/hoi-dap/intel-core-the-he-thu-6-skylake-774739#i3\" target=\"_blank\">Intel Core i3 Skylake</a>, 6006U, 2.00 GHz</p>\r\n	</li>\r\n	<li>RAM:\r\n	<p>4 GB,&nbsp;<a href=\"https://www.thegioididong.com/hoi-dap/ram-ddr4-la-gi-882173\" target=\"_blank\">DDR4 (1 khe)</a>, 2133 MHz</p>\r\n	</li>\r\n	<li>Ổ cứng:\r\n	<p><a href=\"https://www.thegioididong.com/hoi-dap/hdd-la-gi-922791\" target=\"_blank\">HDD: 1 TB</a></p>\r\n	</li>\r\n	<li>M&agrave;n h&igrave;nh:\r\n	<p>15.6 inch, HD (1366 x 768)</p>\r\n	</li>\r\n	<li>Card m&agrave;n h&igrave;nh:\r\n	<p><a href=\"https://www.thegioididong.com/hoi-dap/card-do-hoa-tich-hop-la-gi-950047\" target=\"_blank\">Card đồ họa t&iacute;ch hợp</a>,&nbsp;<a href=\"https://www.thegioididong.com/hoi-dap/intel-hd-graphics-520-843418\" target=\"_blank\">Intel&reg; HD Graphics 520</a></p>\r\n	</li>\r\n	<li>Cổng kết nối:\r\n	<p><a href=\"https://www.thegioididong.com/hoi-dap/usb-30-la-gi-926737\" target=\"_blank\">2 x USB 3.0</a>,&nbsp;<a href=\"https://www.thegioididong.com/tin-tuc/hdmi-la-gi--590061\" target=\"_blank\">HDMI</a>,&nbsp;<a href=\"https://www.thegioididong.com/hoi-dap/cho-minh-hoi-thong-so-laptop-co-nhung-cai-nay-10-743872\" target=\"_blank\">LAN (RJ45)</a>,&nbsp;<a href=\"https://www.thegioididong.com/tin-tuc/cong-giao-tiep-usb-la-gi--590168\" target=\"_blank\">USB 2.0</a></p>\r\n	</li>\r\n	<li>Hệ điều h&agrave;nh:\r\n	<p><a href=\"https://www.thegioididong.com/hoi-dap/windows-10-co-tot-khong-953411\" target=\"_blank\">Windows 10 Home SL</a></p>\r\n	</li>\r\n	<li>Thiết kế:\r\n	<p>Vỏ nhựa, PIN rời</p>\r\n	</li>\r\n	<li>K&iacute;ch thước:\r\n	<p>D&agrave;y 23.8 mm, 1.86 kg</p>\r\n	</li>\r\n</ul>\r\n', 4, 2, 'Phiếu mua hàng trị giá 1 triệu (Áp dụng từ 16/07) '),
(34, 'Lenovo IdeaPad 120S 11IAP Win10', 8, 'Lenovo', 5190000, 5090000, 'lenovo-ideapad-120s-11iap-ava-1-600x600.jpg', '<h2>Th&ocirc;ng số kỹ thuật</h2>\r\n\r\n<ul>\r\n	<li>CPU:\r\n	<p><a href=\"https://www.thegioididong.com/tin-tuc/tim-hieu-vi-xu-ly-may-tinh-cpu-intel-596066#intelceleron\" target=\"_blank\">Intel Celeron</a>, N3350, 1.10 GHz</p>\r\n	</li>\r\n	<li>RAM:\r\n	<p>2 GB,&nbsp;<a href=\"https://www.thegioididong.com/hoi-dap/ram-ddr4-la-gi-882173\" target=\"_blank\">DDR4 (On board)</a>, 2400 MHz</p>\r\n	</li>\r\n	<li>Ổ cứng:\r\n	<p><a href=\"https://www.thegioididong.com/hoi-dap/bo-nho-emmc-la-gi-950029\" target=\"_blank\">eMMC: 32 GB</a></p>\r\n	</li>\r\n	<li>M&agrave;n h&igrave;nh:\r\n	<p>11.6 inch, HD (1366 x 768)</p>\r\n	</li>\r\n	<li>Card m&agrave;n h&igrave;nh:\r\n	<p><a href=\"https://www.thegioididong.com/hoi-dap/card-do-hoa-tich-hop-la-gi-950047\" target=\"_blank\">Card đồ họa t&iacute;ch hợp</a>,&nbsp;<a href=\"https://www.thegioididong.com/tin-tuc/card-do-hoa-onboard-tren-laptop-594905#intelhdgraphics\" target=\"_blank\">Intel&reg; HD Graphics</a></p>\r\n	</li>\r\n	<li>Cổng kết nối:\r\n	<p><a href=\"https://www.thegioididong.com/hoi-dap/usb-30-la-gi-926737\" target=\"_blank\">2 x USB 3.0</a>,&nbsp;<a href=\"https://www.thegioididong.com/tin-tuc/hdmi-la-gi--590061\" target=\"_blank\">HDMI</a>,&nbsp;<a href=\"https://www.thegioididong.com/hoi-dap/usb-type-c-chua-n-mu-c-co-ng-ke-t-no-i-mo-i-723760\" target=\"_blank\">USB Type-C</a></p>\r\n	</li>\r\n	<li>Hệ điều h&agrave;nh:\r\n	<p><a href=\"https://www.thegioididong.com/hoi-dap/windows-10-co-tot-khong-953411\" target=\"_blank\">Windows 10 Home SL</a></p>\r\n	</li>\r\n	<li>Thiết kế:\r\n	<p>Vỏ nhựa, PIN liền</p>\r\n	</li>\r\n	<li>K&iacute;ch thước:\r\n	<p>D&agrave;y 20.9 mm, 1.27 kg</p>\r\n	</li>\r\n</ul>\r\n', 4, 1, 'Giảm 1 triệu cho Apple Watch khi mua kèm iPhone/iPad'),
(35, 'Acer Aspire ES1  N3350 2GB 500GB Win10', 8, 'Acer', 6290000, 6190000, 'acer-aspire-es1-432-c5j2-n3350-thumb-600x600.jpg', '<h2>Th&ocirc;ng số kỹ thuật</h2>\r\n\r\n<ul>\r\n	<li>CPU:\r\n	<p><a href=\"https://www.thegioididong.com/tin-tuc/tim-hieu-vi-xu-ly-may-tinh-cpu-intel-596066#intelceleron\" target=\"_blank\">Intel Celeron</a>, N3350, 1.10 GHz</p>\r\n	</li>\r\n	<li>RAM:\r\n	<p>2 GB,&nbsp;<a href=\"https://www.thegioididong.com/hoi-dap/ram-ddr3l-on-board-la-nhu-the-nao-951049\" target=\"_blank\">DDR3L(On board)</a>, 1600 MHz</p>\r\n	</li>\r\n	<li>Ổ cứng:\r\n	<p><a href=\"https://www.thegioididong.com/hoi-dap/hdd-la-gi-922791\" target=\"_blank\">HDD: 500 GB</a></p>\r\n	</li>\r\n	<li>M&agrave;n h&igrave;nh:\r\n	<p>14 inch, HD (1366 x 768)</p>\r\n	</li>\r\n	<li>Card m&agrave;n h&igrave;nh:\r\n	<p><a href=\"https://www.thegioididong.com/hoi-dap/card-do-hoa-tich-hop-la-gi-950047\" target=\"_blank\">Card đồ họa t&iacute;ch hợp</a>,&nbsp;<a href=\"https://www.thegioididong.com/tin-tuc/card-do-hoa-onboard-tren-laptop-594905#intelhdgraphics\" target=\"_blank\">Intel&reg; HD Graphics</a></p>\r\n	</li>\r\n	<li>Cổng kết nối:\r\n	<p><a href=\"https://www.thegioididong.com/tin-tuc/cong-giao-tiep-usb-la-gi--590168\" target=\"_blank\">2 x USB 2.0</a>,&nbsp;<a href=\"https://www.thegioididong.com/tin-tuc/hdmi-la-gi--590061\" target=\"_blank\">HDMI</a>,&nbsp;<a href=\"https://www.thegioididong.com/hoi-dap/cho-minh-hoi-thong-so-laptop-co-nhung-cai-nay-10-743872\" target=\"_blank\">LAN (RJ45)</a>,&nbsp;<a href=\"https://www.thegioididong.com/hoi-dap/usb-30-la-gi-926737\" target=\"_blank\">USB 3.0</a></p>\r\n	</li>\r\n	<li>Hệ điều h&agrave;nh:\r\n	<p><a href=\"https://www.thegioididong.com/hoi-dap/windows-10-co-tot-khong-953411\" target=\"_blank\">Windows 10 Home SL</a></p>\r\n	</li>\r\n	<li>Thiết kế:\r\n	<p>Vỏ nhựa, PIN liền</p>\r\n	</li>\r\n	<li>K&iacute;ch thước:\r\n	<p>D&agrave;y 23.6 mm, 1.92 kg</p>\r\n	</li>\r\n</ul>\r\n', 5, 1, 'Phiếu mua hàng trị giá 1 triệu (Áp dụng từ 16/07) '),
(37, 'Tai nghe Bluetooth Roman R552N Xanh', 9, '', 180000, 160000, 'tai-nghe-bluetooth-roman-r552n-xanh-avatar-1-300x300.jpg', '<h2>Th&ocirc;ng số kỹ thuật</h2>\r\n\r\n<ul>\r\n	<li>Jack cắm:\r\n	<p><em>Đầu sạc Micro USB</em></p>\r\n	</li>\r\n	<li>Độ d&agrave;i d&acirc;y:\r\n	<p><em>Kh&ocirc;ng d&acirc;y</em></p>\r\n	</li>\r\n	<li>Ph&iacute;m điều khiển:\r\n	<p><em>Mic thoại</em><em>Nghe/nhận cuộc gọi</em><em>Ph&aacute;t/dừng chơi nhạc</em><em>Chuyển b&agrave;i h&aacute;t</em><em>Tăng/giảm &acirc;m lượng</em></p>\r\n	</li>\r\n	<li>Bộ b&aacute;n h&agrave;ng:\r\n	<p><em>Tai nghe</em><em>D&acirc;y c&aacute;p Micro USB</em><em>1 m&oacute;c v&agrave;nh tai</em><em>S&aacute;ch hướng dẫn</em></p>\r\n	</li>\r\n</ul>\r\n', 5, 1, ''),
(38, 'Dây cáp Lightning 1 m eValu LTL-01', 9, '', 150000, 149000, 'cap-lightning-1m-evalu-ltl-01-330x330.png', '<h2>Th&ocirc;ng số kỹ thuật</h2>\r\n\r\n<ul>\r\n	<li>Jack cắm:\r\n	<p><em>Micro USB</em></p>\r\n	</li>\r\n	<li>T&iacute;nh năng:\r\n	<p><em>Truyền dữ liệu</em><em>Sạc</em></p>\r\n	</li>\r\n	<li>D&ograve;ng sạc tối đa:\r\n	<p><em>2.1A</em></p>\r\n	</li>\r\n	<li>Độ d&agrave;i d&acirc;y:\r\n	<p><em>1 m</em></p>\r\n	</li>\r\n	<li>Xuất xứ\r\n	<p><em>Trung Quốc</em></p>\r\n	</li>\r\n</ul>\r\n', 6, 1, ''),
(39, 'Pin sạc dự phòng 10.000 mAh eValu Sword X', 9, '', 500000, 400000, 'pin-sac-du-phong-10000-mah-evalu-sword-x-chitiet-330x330.png', '<h2>Th&ocirc;ng số kỹ thuật</h2>\r\n\r\n<ul>\r\n	<li>Hiệu suất sạc:\r\n	<p><em>65%</em></p>\r\n	</li>\r\n	<li>Đ&egrave;n LED b&aacute;o hiệu:\r\n	<p><em>C&oacute;</em></p>\r\n	</li>\r\n	<li>Thời gian sạc:\r\n	<p><em>5 - 6 giờ (d&ugrave;ng Adapter 1A)</em><em>2 - 3 giờ (d&ugrave;ng Adapter 2.1A)</em></p>\r\n	</li>\r\n	<li>Nguồn v&agrave;o:\r\n	<p><em>5V - 2A</em></p>\r\n	</li>\r\n	<li>L&otilde;i pin:\r\n	<p><em><a href=\"https://www.thegioididong.com/hoi-dap/so-sanh-pin-li-ion-va-pin-li-po-651833#pin-li-ion\" target=\"_blank\">Pin Li-Ion</a></em></p>\r\n	</li>\r\n	<li>Cổng ra USB 1:\r\n	<p><em>5V - 1A</em></p>\r\n	</li>\r\n	<li>Cổng ra USB 2:\r\n	<p><em>5V - 2.1A</em></p>\r\n	</li>\r\n	<li>K&iacute;ch thước\r\n	<p><em>D&agrave;i 9.5 cm - ngang 4.8 cm - d&agrave;y 2 cm</em></p>\r\n	</li>\r\n	<li>Trọng lượng:\r\n	<p><em>200 g</em></p>\r\n	</li>\r\n	<li>Xuất xứ\r\n	<p><em>Trung Quốc</em></p>\r\n	</li>\r\n</ul>\r\n', 10, 1, ''),
(40, 'Ốp lưng Galaxy S9 Nhựa dẻo New COSANO Nude', 9, '', 50000, 0, 'op-lung-galaxy-s9-nhua-deo-new-cosano-nude-1-600x600.jpg', '<ul>\r\n	<li>Bảo h&agrave;nh 2 tuần 1 đổi 1 (nếu lỗi).</li>\r\n</ul>\r\n\r\n<ul>\r\n	<li>Chất liệu nhựa, kiểu d&aacute;ng thời trang v&agrave; đẹp mắt</li>\r\n	<li>Thiết kế vừa vặn v&agrave; &ocirc;m s&aacute;t th&acirc;n m&aacute;y</li>\r\n	<li>&nbsp;Dễ d&agrave;ng th&aacute;o/lắp ốp v&agrave;o m&aacute;y</li>\r\n</ul>\r\n', 20, 1, ''),
(42, 'iPhone 8 Plus 64GB', 1, 'Apple', 23990000, 22990000, 'iphone-8-plus-hh-400x4001.jpg', '<h2>Th&ocirc;ng số kỹ thuật</h2>\r\n\r\n<ul>\r\n	<li>M&agrave;n h&igrave;nh:\r\n	<p><a href=\"https://www.thegioididong.com/hoi-dap/man-hinh-led-backlit-ips-lcd-la-gi-905757\" target=\"_blank\">LED-backlit IPS LCD</a>, 5.5&quot;,&nbsp;<a href=\"https://www.thegioididong.com/hoi-dap/man-hinh-retina-la-gi-905780\" target=\"_blank\">Retina HD</a></p>\r\n	</li>\r\n	<li>Hệ điều h&agrave;nh:\r\n	<p><a href=\"https://www.thegioididong.com/hoi-dap/ios-11-co-gi-moi-1021442\" target=\"_blank\">iOS 11</a></p>\r\n	</li>\r\n	<li>Camera sau:\r\n	<p>2 camera 12 MP</p>\r\n	</li>\r\n	<li>Camera trước:\r\n	<p>7 MP</p>\r\n	</li>\r\n	<li>CPU:\r\n	<p><a href=\"https://www.thegioididong.com/tin-tuc/chi-tiet-a11-bionic-chip-co-nhieu-thanh-phan-apple-tu-trong-nhat-tu-truoc-den-nay-1021653\" target=\"_blank\">Apple A11 Bionic 6 nh&acirc;n</a></p>\r\n	</li>\r\n	<li>RAM:\r\n	<p>3 GB</p>\r\n	</li>\r\n	<li>Bộ nhớ trong:\r\n	<p>64 GB</p>\r\n	</li>\r\n	<li>Thẻ SIM:\r\n	<p><a href=\"https://www.thegioididong.com/tin-tuc/tim-hieu-cac-loai-sim-thong-dung-sim-thuong-micro--590216#nanosim\" target=\"_blank\">1 Nano SIM</a>,&nbsp;<a href=\"https://www.thegioididong.com/hoi-dap/4g-la-gi-731757\" target=\"_blank\">Hỗ trợ 4G</a></p>\r\n	</li>\r\n	<li>Dung lượng pin:\r\n	<p>2691 mAh,&nbsp;<a href=\"https://www.thegioididong.com/hoi-dap/cong-nghe-sac-nhanh-tren-smartphone-755549\" target=\"_blank\">c&oacute; sạc nhanh</a></p>\r\n	</li>\r\n</ul>\r\n', 5, 1, 'Giảm ngay 500.000đ khi thanh toán Online bằng thẻ Mastercard (Từ 16/7 - 31/7)'),
(43, 'Sony Xperia XZ2', 1, 'Sony', 199900000, 189900000, 'sony-xperia-xz2-2-400x4601.png', '<h2>Th&ocirc;ng số kỹ thuật</h2>\r\n\r\n<ul>\r\n	<li>M&agrave;n h&igrave;nh:\r\n	<p><a href=\"https://www.thegioididong.com/tin-tuc/loai-man-hinh-tft-lcd-amoled-la-gi--592346#hdr\" target=\"_blank\">IPS HDR LCD</a>, 5.7&quot;, Full HD+</p>\r\n	</li>\r\n	<li>Hệ điều h&agrave;nh:\r\n	<p><a href=\"https://www.thegioididong.com/tin-tuc/android-8-la-gi-vi-sao-co-ten-goi-khac-la-android-o--966604\" target=\"_blank\">Android 8.0 (Oreo)</a></p>\r\n	</li>\r\n	<li>Camera sau:\r\n	<p>19 MP</p>\r\n	</li>\r\n	<li>Camera trước:\r\n	<p>5 MP</p>\r\n	</li>\r\n	<li>CPU:\r\n	<p><a href=\"https://www.thegioididong.com/tin-tuc/chip-snapdragon-845-manh-hon-25-tap-trung-ai-bao-mat-cao-1048166\" target=\"_blank\">Snapdragon 845 8 nh&acirc;n</a></p>\r\n	</li>\r\n	<li>RAM:\r\n	<p>4 GB</p>\r\n	</li>\r\n	<li>Bộ nhớ trong:\r\n	<p>64 GB</p>\r\n	</li>\r\n	<li>Thẻ nhớ:\r\n	<p>MicroSD, hỗ trợ tối đa 400 GB</p>\r\n	</li>\r\n	<li>Thẻ SIM:\r\n	<p><a href=\"https://www.thegioididong.com/tin-tuc/tim-hieu-cac-loai-sim-thong-dung-sim-thuong-micro--590216#nanosim\" target=\"_blank\">2 Nano SIM</a>,&nbsp;<a href=\"https://www.thegioididong.com/hoi-dap/4g-la-gi-731757\" target=\"_blank\">Hỗ trợ 4G</a></p>\r\n	</li>\r\n	<li>Dung lượng pin:\r\n	<p>3180 mAh,&nbsp;<a href=\"https://www.thegioididong.com/hoi-dap/cong-nghe-sac-nhanh-tren-smartphone-755549\" target=\"_blank\">c&oacute; sạc nhanh</a></p>\r\n	</li>\r\n</ul>\r\n', 5, 1, 'Phiếu mua hàng trị giá 200.000đ khi mua online'),
(44, 'Samsung Galaxy A8 (2018)', 1, 'Samsung', 10990000, 10990000, 'samsung-galaxy-a8-2018-purple-400x400.jpg', '<h2>Th&ocirc;ng số kỹ thuật</h2>\r\n\r\n<ul>\r\n	<li>M&agrave;n h&igrave;nh:\r\n	<p><a href=\"https://www.thegioididong.com/hoi-dap/man-hinh-super-amoled-la-gi-905770\" target=\"_blank\">Super AMOLED</a>, 5.6&quot;, Full HD+</p>\r\n	</li>\r\n	<li>Hệ điều h&agrave;nh:\r\n	<p><a href=\"https://www.thegioididong.com/tin-tuc/android-7-1-co-mot-tinh-nang-se-khien-apple-phai-coi-chung-931121\" target=\"_blank\">Android 7.1 (Nougat)</a></p>\r\n	</li>\r\n	<li>Camera sau:\r\n	<p>16 MP</p>\r\n	</li>\r\n	<li>Camera trước:\r\n	<p>16 MP v&agrave; 8 MP</p>\r\n	</li>\r\n	<li>CPU:\r\n	<p><a href=\"https://www.thegioididong.com/hoi-dap/tim-hieu-chip-exynos-7885-1076599\" target=\"_blank\">Exynos 7885 8 nh&acirc;n 64-bit</a></p>\r\n	</li>\r\n	<li>RAM:\r\n	<p>4 GB</p>\r\n	</li>\r\n	<li>Bộ nhớ trong:\r\n	<p>32 GB</p>\r\n	</li>\r\n	<li>Thẻ nhớ:\r\n	<p><a href=\"https://www.thegioididong.com/the-nho-dien-thoai\" target=\"_blank\">MicroSD, hỗ trợ tối đa 256 GB</a></p>\r\n	</li>\r\n	<li>Thẻ SIM:\r\n	<p><a href=\"https://www.thegioididong.com/tin-tuc/tim-hieu-cac-loai-sim-thong-dung-sim-thuong-micro--590216#nanosim\" target=\"_blank\">2 Nano SIM</a>,&nbsp;<a href=\"https://www.thegioididong.com/hoi-dap/4g-la-gi-731757\" target=\"_blank\">Hỗ trợ 4G</a></p>\r\n\r\n	<p><strong>HOT</strong><a href=\"https://www.thegioididong.com/sim-so-dep/mobifone?t=50\">Mua sim Mobi Big 60 (3GB data/ th&aacute;ng)</a>. Gi&aacute; từ&nbsp;<strong>80.000đ</strong></p>\r\n	</li>\r\n	<li>Dung lượng pin:\r\n	<p>3000 mAh,&nbsp;<a href=\"https://www.thegioididong.com/hoi-dap/cong-nghe-sac-nhanh-tren-smartphone-755549\" target=\"_blank\">c&oacute; sạc nhanh</a></p>\r\n	</li>\r\n</ul>\r\n', 6, 1, 'Phiếu mua hàng Samsung trị giá 150.000đ khi mua online'),
(45, 'Sony Xperia XZ1', 1, 'Sony', 10990000, 0, 'sony-xperia-xz1-xanh-2-400x460.png', '<h2>Th&ocirc;ng số kỹ thuật</h2>\r\n\r\n<ul>\r\n	<li>M&agrave;n h&igrave;nh:\r\n	<p><a href=\"https://www.thegioididong.com/tin-tuc/loai-man-hinh-tft-lcd-amoled-la-gi--592346#hdr\" target=\"_blank\">IPS HDR LCD</a>, 5.2&quot;,&nbsp;<a href=\"https://www.thegioididong.com/tin-tuc/do-phan-giai-man-hinh-qhd-hd-fullhd-2k-4k-la-gi--592178#fullhd\" target=\"_blank\">Full HD</a></p>\r\n	</li>\r\n	<li>Hệ điều h&agrave;nh:\r\n	<p><a href=\"https://www.thegioididong.com/tin-tuc/android-8-la-gi-vi-sao-co-ten-goi-khac-la-android-o--966604\" target=\"_blank\">Android 8.0 (Oreo)</a></p>\r\n	</li>\r\n	<li>Camera sau:\r\n	<p>19 MP</p>\r\n	</li>\r\n	<li>Camera trước:\r\n	<p>13 MP</p>\r\n	</li>\r\n	<li>CPU:\r\n	<p><a href=\"https://www.thegioididong.com/hoi-dap/tim-hieu-chip-qualcomm-snapdragon-835-931369\" target=\"_blank\">Qualcomm Snapdragon 835 8 nh&acirc;n 64-bit</a></p>\r\n	</li>\r\n	<li>RAM:\r\n	<p>4 GB</p>\r\n	</li>\r\n	<li>Bộ nhớ trong:\r\n	<p>64 GB</p>\r\n	</li>\r\n	<li>Thẻ nhớ:\r\n	<p><a href=\"https://www.thegioididong.com/the-nho-dien-thoai\" target=\"_blank\">MicroSD, hỗ trợ tối đa 256 GB</a></p>\r\n	</li>\r\n	<li>Thẻ SIM:\r\n	<p><a href=\"https://www.thegioididong.com/tin-tuc/tim-hieu-cac-loai-sim-thong-dung-sim-thuong-micro--590216#nanosim\" target=\"_blank\">2 Nano SIM</a>,&nbsp;<a href=\"https://www.thegioididong.com/hoi-dap/4g-la-gi-731757\" target=\"_blank\">Hỗ trợ 4G</a></p>\r\n	</li>\r\n	<li>Dung lượng pin:\r\n	<p>2700 mAh,&nbsp;<a href=\"https://www.thegioididong.com/hoi-dap/cong-nghe-sac-nhanh-tren-smartphone-755549\" target=\"_blank\">c&oacute; sạc nhanh</a></p>\r\n	</li>\r\n</ul>\r\n', 3, 1, 'Giảm 1 triệu cho Apple Watch khi mua kèm iPhone/iPad'),
(46, 'Sony Xperia XZ Dual', 1, 'Sony', 9990000, 9890000, 'sony-xperia-xz-h-2-200x200.jpg', '<h2>Th&ocirc;ng số kỹ thuật</h2>\r\n\r\n<ul>\r\n	<li>M&agrave;n h&igrave;nh:\r\n	<p><a href=\"https://www.thegioididong.com/hoi-dap/cong-nghe-man-hinh-triluminos-la-gi-901357\" target=\"_blank\">TRILUMINOS&trade;</a>, 5.2&quot;,&nbsp;<a href=\"https://www.thegioididong.com/tin-tuc/do-phan-giai-man-hinh-qhd-hd-fullhd-2k-4k-la-gi--592178#fullhd\" target=\"_blank\">Full HD</a></p>\r\n	</li>\r\n	<li>Hệ điều h&agrave;nh:\r\n	<p><a href=\"https://www.thegioididong.com/tin-tuc/10-tinh-nang-tuyet-voi-tren-android-7-0-se-khien-ban-phat-cuong-phan-1--931000\" target=\"_blank\">Android 7.0 (Nougat)</a></p>\r\n	</li>\r\n	<li>Camera sau:\r\n	<p>23 MP</p>\r\n	</li>\r\n	<li>Camera trước:\r\n	<p>13 MP</p>\r\n	</li>\r\n	<li>CPU:\r\n	<p><a href=\"https://www.thegioididong.com/hoi-dap/qualcomm-snapdragon-820-763732\" target=\"_blank\">Snapdragon 820 4 nh&acirc;n 64-bit</a></p>\r\n	</li>\r\n	<li>RAM:\r\n	<p>3 GB</p>\r\n	</li>\r\n	<li>Bộ nhớ trong:\r\n	<p>64 GB</p>\r\n	</li>\r\n	<li>Thẻ nhớ:\r\n	<p><a href=\"https://www.thegioididong.com/the-nho-dien-thoai\" target=\"_blank\">MicroSD, hỗ trợ tối đa 256 GB</a></p>\r\n	</li>\r\n	<li>Thẻ SIM:\r\n	<p><a href=\"https://www.thegioididong.com/tin-tuc/tim-hieu-cac-loai-sim-thong-dung-sim-thuong-micro--590216#nanosim\" target=\"_blank\">2 SIM Nano (SIM 2 chung khe thẻ nhớ)</a>,&nbsp;<a href=\"https://www.thegioididong.com/hoi-dap/4g-la-gi-731757\" target=\"_blank\">Hỗ trợ 4G</a></p>\r\n\r\n	<p><strong>HOT</strong><a href=\"https://www.thegioididong.com/sim-so-dep/mobifone?t=50\">Mua sim Mobi Big 60 (3GB data/ th&aacute;ng)</a>. Gi&aacute; từ&nbsp;<strong>80.000đ</strong></p>\r\n	</li>\r\n	<li>Dung lượng pin:\r\n	<p>2900 mAh,&nbsp;<a href=\"https://www.thegioididong.com/hoi-dap/cong-nghe-sac-nhanh-tren-smartphone-755549\" target=\"_blank\">c&oacute; sạc nhanh</a></p>\r\n	</li>\r\n</ul>\r\n', 6, 1, 'Mua thêm thẻ nhớ 16GB giảm 30% - Pin dự phòng 7.500mAh Y323S nâu giảm 40% (Chỉ áp dụng mua Online)'),
(47, 'Samsung Galaxy A6+ (2018)', 1, 'Samsung', 89900000, 0, 'samsung-galaxy-a6-plus-2018-xanh-400x460-400x460.png', '', 3, 1, 'Phiếu mua hàng trị giá 1 triệu (Áp dụng từ 16/07) '),
(48, 'Nokia 7 plus', 1, 'Nokia', 8990000, 0, 'nokia-7-plus-5-400x460.png', '<h2>Th&ocirc;ng số kỹ thuật</h2>\r\n\r\n<ul>\r\n	<li>M&agrave;n h&igrave;nh:\r\n	<p><a href=\"https://www.thegioididong.com/hoi-dap/man-hinh-ips-lcd-la-gi-905752\" target=\"_blank\">IPS LCD</a>, 6&quot;, Full HD+</p>\r\n	</li>\r\n	<li>Hệ điều h&agrave;nh:\r\n	<p><a href=\"https://www.thegioididong.com/tin-tuc/android-8-la-gi-vi-sao-co-ten-goi-khac-la-android-o--966604\" target=\"_blank\">Android 8.0 (Oreo)</a></p>\r\n	</li>\r\n	<li>Camera sau:\r\n	<p>12 MP v&agrave; 13 MP (2 camera)</p>\r\n	</li>\r\n	<li>Camera trước:\r\n	<p>16 MP</p>\r\n	</li>\r\n	<li>CPU:\r\n	<p><a href=\"https://www.thegioididong.com/tin-tuc/snapdragon-660-vua-chip-tam-trung-lo-dien-ho-tro-ram-6-gb-963968\" target=\"_blank\">Qualcomm Snapdragon 660 8 nh&acirc;n</a></p>\r\n	</li>\r\n	<li>RAM:\r\n	<p>4 GB</p>\r\n	</li>\r\n	<li>Bộ nhớ trong:\r\n	<p>64 GB</p>\r\n	</li>\r\n	<li>Thẻ nhớ:\r\n	<p><a href=\"https://www.thegioididong.com/the-nho-dien-thoai\" target=\"_blank\">MicroSD, hỗ trợ tối đa 256 GB</a></p>\r\n	</li>\r\n	<li>Thẻ SIM:\r\n	<p><a href=\"https://www.thegioididong.com/tin-tuc/tim-hieu-cac-loai-sim-thong-dung-sim-thuong-micro--590216#nanosim\" target=\"_blank\">2 SIM Nano (SIM 2 chung khe thẻ nhớ)</a>,&nbsp;<a href=\"https://www.thegioididong.com/hoi-dap/4g-la-gi-731757\" target=\"_blank\">Hỗ trợ 4G</a></p>\r\n\r\n	<p><strong>HOT</strong><a href=\"https://www.thegioididong.com/sim-so-dep/mobifone?t=50\">Mua sim Mobi Big 60 (3GB data/ th&aacute;ng)</a>. Gi&aacute; từ&nbsp;<strong>80.000đ</strong></p>\r\n	</li>\r\n	<li>Dung lượng pin:\r\n	<p>3800 mAh</p>\r\n	</li>\r\n</ul>\r\n', 10, 1, ''),
(49, 'Samsung Galaxy C9 Pro', 1, 'Samsung', 8990000, 0, 'samsung-galaxy-c9-pro-1-400x460.png', '<h2>Th&ocirc;ng số kỹ thuật</h2>\r\n\r\n<ul>\r\n	<li>M&agrave;n h&igrave;nh:\r\n	<p><a href=\"https://www.thegioididong.com/hoi-dap/man-hinh-super-amoled-la-gi-905770\" target=\"_blank\">Super AMOLED</a>, 6.0&quot;,&nbsp;<a href=\"https://www.thegioididong.com/tin-tuc/do-phan-giai-man-hinh-qhd-hd-fullhd-2k-4k-la-gi--592178#fullhd\" target=\"_blank\">Full HD</a></p>\r\n	</li>\r\n	<li>Hệ điều h&agrave;nh:\r\n	<p><a href=\"https://www.thegioididong.com/hoi-dap/android-6-marshmallow-co-gi-hot-726146\" target=\"_blank\">Android 6.0 (Marshmallow)</a></p>\r\n	</li>\r\n	<li>Camera sau:\r\n	<p>16 MP</p>\r\n	</li>\r\n	<li>Camera trước:\r\n	<p>16 MP</p>\r\n	</li>\r\n	<li>CPU:\r\n	<p><a href=\"https://www.thegioididong.com/hoi-dap/chip-xu-ly-snapdragon-653-912378\" target=\"_blank\">Snapdragon 653 8 nh&acirc;n 64-bit</a></p>\r\n	</li>\r\n	<li>RAM:\r\n	<p>6 GB</p>\r\n	</li>\r\n	<li>Bộ nhớ trong:\r\n	<p>64 GB</p>\r\n	</li>\r\n	<li>Thẻ nhớ:\r\n	<p><a href=\"https://www.thegioididong.com/the-nho-dien-thoai\" target=\"_blank\">MicroSD, hỗ trợ tối đa 256 GB</a></p>\r\n	</li>\r\n	<li>Thẻ SIM:\r\n	<p><a href=\"https://www.thegioididong.com/tin-tuc/tim-hieu-cac-loai-sim-thong-dung-sim-thuong-micro--590216#nanosim\" target=\"_blank\">2 Nano SIM</a>,&nbsp;<a href=\"https://www.thegioididong.com/hoi-dap/4g-la-gi-731757\" target=\"_blank\">Hỗ trợ 4G</a></p>\r\n\r\n	<p><strong>HOT</strong><a href=\"https://www.thegioididong.com/sim-so-dep/mobifone?t=50\">Mua sim Mobi Big 60 (3GB data/ th&aacute;ng)</a>. Gi&aacute; từ&nbsp;<strong>80.000đ</strong></p>\r\n	</li>\r\n	<li>Dung lượng pin:\r\n	<p>4000 mAh,&nbsp;<a href=\"https://www.thegioididong.com/hoi-dap/cong-nghe-sac-nhanh-tren-smartphone-755549\" target=\"_blank\">c&oacute; sạc nhanh</a></p>\r\n	</li>\r\n</ul>\r\n', 5, 1, 'Giảm 1 triệu cho Apple Watch khi mua kèm iPhone/iPad'),
(50, 'HTC U Ultra', 1, 'HTC', 8990000, 0, 'htc-u-ultra-2-400x460.png', '<h2>Th&ocirc;ng số kỹ thuật</h2>\r\n\r\n<ul>\r\n	<li>M&agrave;n h&igrave;nh:\r\n	<p><a href=\"https://www.thegioididong.com/hoi-dap/man-hinh-super-lcd-la-gi-905749\" target=\"_blank\">Super LCD</a>, Chính: 5.7&quot;, phụ: 2.05&quot;,&nbsp;<a href=\"https://www.thegioididong.com/tin-tuc/do-phan-giai-man-hinh-qhd-hd-fullhd-2k-4k-la-gi--592178#4k\" target=\"_blank\">Quad HD (2K)</a></p>\r\n	</li>\r\n	<li>Hệ điều h&agrave;nh:\r\n	<p><a href=\"https://www.thegioididong.com/tin-tuc/10-tinh-nang-tuyet-voi-tren-android-7-0-se-khien-ban-phat-cuong-phan-1--931000\" target=\"_blank\">Android 7.0 (Nougat)</a></p>\r\n	</li>\r\n	<li>Camera sau:\r\n	<p>12 MP</p>\r\n	</li>\r\n	<li>Camera trước:\r\n	<p>16 MP</p>\r\n	</li>\r\n	<li>CPU:\r\n	<p><a href=\"https://www.thegioididong.com/tin-tuc/qualcomm-ra-mat-snapdragon-821-nhanh-hon-10-snapdragon-820-854763\" target=\"_blank\">Qualcomm Snapdragon 821 4 nh&acirc;n 64-bit</a></p>\r\n	</li>\r\n	<li>RAM:\r\n	<p>4 GB</p>\r\n	</li>\r\n	<li>Bộ nhớ trong:\r\n	<p>64 GB</p>\r\n	</li>\r\n	<li>Thẻ nhớ:\r\n	<p><a href=\"https://www.thegioididong.com/the-nho-dien-thoai\" target=\"_blank\">MicroSD, hỗ trợ tối đa 2 TB</a></p>\r\n	</li>\r\n	<li>Thẻ SIM:\r\n	<p><a href=\"https://www.thegioididong.com/tin-tuc/tim-hieu-cac-loai-sim-thong-dung-sim-thuong-micro--590216#nanosim\" target=\"_blank\">2 Nano SIM</a>,&nbsp;<a href=\"https://www.thegioididong.com/hoi-dap/4g-la-gi-731757\" target=\"_blank\">Hỗ trợ 4G</a></p>\r\n\r\n	<p><strong>HOT</strong><a href=\"https://www.thegioididong.com/sim-so-dep/mobifone?t=50\">Mua sim Mobi Big 60 (3GB data/ th&aacute;ng)</a>. Gi&aacute; từ&nbsp;<strong>80.000đ</strong></p>\r\n	</li>\r\n	<li>Dung lượng pin:\r\n	<p>3000 mAh,&nbsp;<a href=\"https://www.thegioididong.com/hoi-dap/cong-nghe-sac-nhanh-tren-smartphone-755549\" target=\"_blank\">c&oacute; sạc nhanh</a></p>\r\n	</li>\r\n</ul>\r\n', 6, 1, ''),
(51, 'Vivo V9', 1, 'Vivo', 7990000, 0, 'vivo-v9-2-1-600x600-400x400.jpg', '<h2>Th&ocirc;ng số kỹ thuật</h2>\r\n\r\n<ul>\r\n	<li>M&agrave;n h&igrave;nh:\r\n	<p><a href=\"https://www.thegioididong.com/hoi-dap/man-hinh-ips-lcd-la-gi-905752\" target=\"_blank\">IPS LCD</a>, 6.3&quot;, Full HD+</p>\r\n	</li>\r\n	<li>Hệ điều h&agrave;nh:\r\n	<p><a href=\"https://www.thegioididong.com/hoi-dap/co-gi-dac-biet-o-android-81-oreo-1073208\" target=\"_blank\">Android 8.1 (Oreo)</a></p>\r\n	</li>\r\n	<li>Camera sau:\r\n	<p>16 MP v&agrave; 5 MP (2 camera)</p>\r\n	</li>\r\n	<li>Camera trước:\r\n	<p>24 MP</p>\r\n	</li>\r\n	<li>CPU:\r\n	<p><a href=\"https://www.thegioididong.com/hoi-dap/chip-snapdragon-626-912499\" target=\"_blank\">Snapdragon 626 8 nh&acirc;n 64-bit</a></p>\r\n	</li>\r\n	<li>RAM:\r\n	<p>4 GB</p>\r\n	</li>\r\n	<li>Bộ nhớ trong:\r\n	<p>64 GB</p>\r\n	</li>\r\n	<li>Thẻ nhớ:\r\n	<p><a href=\"https://www.thegioididong.com/the-nho-dien-thoai\" target=\"_blank\">MicroSD, hỗ trợ tối đa 256 GB</a></p>\r\n	</li>\r\n	<li>Thẻ SIM:\r\n	<p><a href=\"https://www.thegioididong.com/tin-tuc/tim-hieu-cac-loai-sim-thong-dung-sim-thuong-micro--590216#nanosim\" target=\"_blank\">2 Nano SIM</a>,&nbsp;<a href=\"https://www.thegioididong.com/hoi-dap/4g-la-gi-731757\" target=\"_blank\">Hỗ trợ 4G</a></p>\r\n	</li>\r\n	<li>Dung lượng pin:\r\n	<p>3260 mAh</p>\r\n	</li>\r\n</ul>\r\n', 7, 1, ''),
(52, 'Motorola Moto Z2 Play', 1, 'Motorola', 7990000, 0, 'motorola-moto-z2-play-400-400x460.png', '<h2>Th&ocirc;ng số kỹ thuật</h2>\r\n\r\n<ul>\r\n	<li>M&agrave;n h&igrave;nh:\r\n	<p><a href=\"https://www.thegioididong.com/hoi-dap/man-hinh-super-amoled-la-gi-905770\" target=\"_blank\">Super AMOLED</a>, 5.5&quot;,&nbsp;<a href=\"https://www.thegioididong.com/tin-tuc/do-phan-giai-man-hinh-qhd-hd-fullhd-2k-4k-la-gi--592178#fullhd\" target=\"_blank\">Full HD</a></p>\r\n	</li>\r\n	<li>Hệ điều h&agrave;nh:\r\n	<p><a href=\"https://www.thegioididong.com/tin-tuc/android-7-1-co-mot-tinh-nang-se-khien-apple-phai-coi-chung-931121\" target=\"_blank\">Android 7.1 (Nougat)</a></p>\r\n	</li>\r\n	<li>Camera sau:\r\n	<p>12 MP</p>\r\n	</li>\r\n	<li>Camera trước:\r\n	<p>5 MP</p>\r\n	</li>\r\n	<li>CPU:\r\n	<p><a href=\"https://www.thegioididong.com/hoi-dap/chip-snapdragon-626-912499\" target=\"_blank\">Snapdragon 626 8 nh&acirc;n 64-bit</a></p>\r\n	</li>\r\n	<li>RAM:\r\n	<p>4 GB</p>\r\n	</li>\r\n	<li>Bộ nhớ trong:\r\n	<p>64 GB</p>\r\n	</li>\r\n	<li>Thẻ nhớ:\r\n	<p><a href=\"https://www.thegioididong.com/the-nho-dien-thoai\" target=\"_blank\">MicroSD, hỗ trợ tối đa 256 GB</a></p>\r\n	</li>\r\n	<li>Thẻ SIM:\r\n	<p><a href=\"https://www.thegioididong.com/tin-tuc/tim-hieu-cac-loai-sim-thong-dung-sim-thuong-micro--590216#nanosim\" target=\"_blank\">2 Nano SIM</a>,&nbsp;<a href=\"https://www.thegioididong.com/hoi-dap/4g-la-gi-731757\" target=\"_blank\">Hỗ trợ 4G</a></p>\r\n\r\n	<p><strong>HOT</strong><a href=\"https://www.thegioididong.com/sim-so-dep/mobifone?t=50\">Mua sim Mobi Big 60 (3GB data/ th&aacute;ng)</a>. Gi&aacute; từ&nbsp;<strong>80.000đ</strong></p>\r\n	</li>\r\n	<li>Dung lượng pin:\r\n	<p>3000 mAh,&nbsp;<a href=\"https://www.thegioididong.com/hoi-dap/cong-nghe-sac-nhanh-tren-smartphone-755549\" target=\"_blank\">c&oacute; sạc nhanh</a></p>\r\n	</li>\r\n</ul>\r\n', 5, 1, ''),
(53, 'Motorola Moto X4', 1, 'Motorola', 7490000, 0, 'motorola-moto-x4-den-400x400.jpg', '<h2>Th&ocirc;ng số kỹ thuật</h2>\r\n\r\n<ul>\r\n	<li>M&agrave;n h&igrave;nh:\r\n	<p><a href=\"https://www.thegioididong.com/hoi-dap/man-hinh-ips-lcd-la-gi-905752\" target=\"_blank\">IPS LCD</a>, 5.2&quot;,&nbsp;<a href=\"https://www.thegioididong.com/tin-tuc/do-phan-giai-man-hinh-qhd-hd-fullhd-2k-4k-la-gi--592178#fullhd\" target=\"_blank\">Full HD</a></p>\r\n	</li>\r\n	<li>Hệ điều h&agrave;nh:\r\n	<p><a href=\"https://www.thegioididong.com/tin-tuc/android-7-1-co-mot-tinh-nang-se-khien-apple-phai-coi-chung-931121\" target=\"_blank\">Android 7.1 (Nougat)</a></p>\r\n	</li>\r\n	<li>Camera sau:\r\n	<p>12 MP v&agrave; 8 MP (2 camera)</p>\r\n	</li>\r\n	<li>Camera trước:\r\n	<p>16 MP</p>\r\n	</li>\r\n	<li>CPU:\r\n	<p><a href=\"https://www.thegioididong.com/hoi-dap/tim-hieu-ve-chip-xu-ly-qualcomm-snapdragon-630-gp-1015216\" target=\"_blank\">Qualcomm Snapdragon 630 8 nh&acirc;n</a></p>\r\n	</li>\r\n	<li>RAM:\r\n	<p>4 GB</p>\r\n	</li>\r\n	<li>Bộ nhớ trong:\r\n	<p>64 GB</p>\r\n	</li>\r\n	<li>Thẻ nhớ:\r\n	<p><a href=\"https://www.thegioididong.com/the-nho-dien-thoai\" target=\"_blank\">MicroSD, hỗ trợ tối đa 256 GB</a></p>\r\n	</li>\r\n	<li>Thẻ SIM:\r\n	<p><a href=\"https://www.thegioididong.com/tin-tuc/tim-hieu-cac-loai-sim-thong-dung-sim-thuong-micro--590216#nanosim\" target=\"_blank\">2 Nano SIM</a>,&nbsp;<a href=\"https://www.thegioididong.com/hoi-dap/4g-la-gi-731757\" target=\"_blank\">Hỗ trợ 4G</a></p>\r\n\r\n	<p><strong>HOT</strong><a href=\"https://www.thegioididong.com/sim-so-dep/mobifone?t=50\">Mua sim Mobi Big 60 (3GB data/ th&aacute;ng)</a>. Gi&aacute; từ&nbsp;<strong>80.000đ</strong></p>\r\n	</li>\r\n	<li>Dung lượng pin:\r\n	<p>3000 mAh,&nbsp;<a href=\"https://www.thegioididong.com/hoi-dap/cong-nghe-sac-nhanh-tren-smartphone-755549\" target=\"_blank\">c&oacute; sạc nhanh</a></p>\r\n	</li>\r\n</ul>\r\n', 6, 1, ''),
(54, 'Vivo V7+', 1, 'Vivo', 6990000, 0, 'vivo-v7-plus-9-400x400.jpg', '<h2>Th&ocirc;ng số kỹ thuật</h2>\r\n\r\n<ul>\r\n	<li>M&agrave;n h&igrave;nh:\r\n	<p><a href=\"https://www.thegioididong.com/hoi-dap/man-hinh-ips-lcd-la-gi-905752\" target=\"_blank\">IPS LCD</a>, 5.99&quot;, HD+</p>\r\n	</li>\r\n	<li>Hệ điều h&agrave;nh:\r\n	<p><a href=\"https://www.thegioididong.com/tin-tuc/android-7-1-co-mot-tinh-nang-se-khien-apple-phai-coi-chung-931121\" target=\"_blank\">Android 7.1 (Nougat)</a></p>\r\n	</li>\r\n	<li>Camera sau:\r\n	<p>16 MP</p>\r\n	</li>\r\n	<li>Camera trước:\r\n	<p>24 MP</p>\r\n	</li>\r\n	<li>CPU:\r\n	<p><a href=\"https://www.thegioididong.com/tin-tuc/qualcomm-snapdragon-450-ra-mat-sieu-tiet-kiem-pin-ho-tro-camera-kep-quick-charge-3-0-997437\" target=\"_blank\">Qualcomm Snapdragon 450 8 nh&acirc;n 64-bit</a></p>\r\n	</li>\r\n	<li>RAM:\r\n	<p>4 GB</p>\r\n	</li>\r\n	<li>Bộ nhớ trong:\r\n	<p>64 GB</p>\r\n	</li>\r\n	<li>Thẻ nhớ:\r\n	<p><a href=\"https://www.thegioididong.com/the-nho-dien-thoai\" target=\"_blank\">MicroSD, hỗ trợ tối đa 256 GB</a></p>\r\n	</li>\r\n	<li>Thẻ SIM:\r\n	<p><a href=\"https://www.thegioididong.com/tin-tuc/tim-hieu-cac-loai-sim-thong-dung-sim-thuong-micro--590216#nanosim\" target=\"_blank\">2 Nano SIM</a></p>\r\n\r\n	<p><strong>HOT</strong><a href=\"https://www.thegioididong.com/sim-so-dep/mobifone?t=50\">Mua sim Mobi Big 60 (3GB data/ th&aacute;ng)</a>. Gi&aacute; từ&nbsp;<strong>80.000đ</strong></p>\r\n	</li>\r\n	<li>Dung lượng pin:\r\n	<p>3225 mAh</p>\r\n	</li>\r\n</ul>\r\n', 4, 1, ''),
(55, 'OPPO F7 Youth', 1, 'OPPO', 6490000, 0, 'oppo-f7-youth-3-400x400.jpg', '<h2>Th&ocirc;ng số kỹ thuật</h2>\r\n\r\n<ul>\r\n	<li>M&agrave;n h&igrave;nh:\r\n	<p><a href=\"https://www.thegioididong.com/tin-tuc/loai-man-hinh-tft-lcd-amoled-la-gi--592346\" target=\"_blank\">LTPS LCD</a>, 6.0&quot;, Full HD+</p>\r\n	</li>\r\n	<li>Hệ điều h&agrave;nh:\r\n	<p><a href=\"https://www.thegioididong.com/hoi-dap/he-dieu-hanh-coloros-tren-oppo-la-ma-quen-1073718\" target=\"_blank\">ColorOS 5.0 (Android 8.1)</a></p>\r\n	</li>\r\n	<li>Camera sau:\r\n	<p>13 MP</p>\r\n	</li>\r\n	<li>Camera trước:\r\n	<p>8 MP</p>\r\n	</li>\r\n	<li>CPU:\r\n	<p><a href=\"https://www.thegioididong.com/tin-tuc/mediatek-gioi-thieu-helio-p60-tai-mwc-2018-tap-trung-ai-va-hieu-suat-1069899\" target=\"_blank\">MediaTek Helio P60 8 nh&acirc;n 64-bit</a></p>\r\n	</li>\r\n	<li>RAM:\r\n	<p>4 GB</p>\r\n	</li>\r\n	<li>Bộ nhớ trong:\r\n	<p>64 GB</p>\r\n	</li>\r\n	<li>Thẻ nhớ:\r\n	<p><a href=\"https://www.thegioididong.com/the-nho-dien-thoai\" target=\"_blank\">MicroSD, hỗ trợ tối đa 256 GB</a></p>\r\n	</li>\r\n	<li>Thẻ SIM:\r\n	<p><a href=\"https://www.thegioididong.com/tin-tuc/tim-hieu-cac-loai-sim-thong-dung-sim-thuong-micro--590216#nanosim\" target=\"_blank\">2 Nano SIM</a>,&nbsp;<a href=\"https://www.thegioididong.com/hoi-dap/4g-la-gi-731757\" target=\"_blank\">Hỗ trợ 4G</a></p>\r\n\r\n	<p><strong>HOT</strong><a href=\"https://www.thegioididong.com/sim-so-dep/mobifone?t=50\">Mua sim Mobi Big 60 (3GB data/ th&aacute;ng)</a>. Gi&aacute; từ&nbsp;<strong>80.000đ</strong></p>\r\n	</li>\r\n	<li>Dung lượng pin:\r\n	<p>3410 mAh</p>\r\n	</li>\r\n</ul>\r\n', 3, 1, ''),
(56, 'OPPO F5 6GB', 1, 'OPPO', 6490000, 0, 'oppo-f5-6gb-anhava-1-200x200.jpg', '<h2>Th&ocirc;ng số kỹ thuật</h2>\r\n\r\n<ul>\r\n	<li>M&agrave;n h&igrave;nh:\r\n	<p><a href=\"https://www.thegioididong.com/hoi-dap/man-hinh-ips-lcd-la-gi-905752\" target=\"_blank\">IPS LCD</a>, 6.0&quot;, Full HD+</p>\r\n	</li>\r\n	<li>Hệ điều h&agrave;nh:\r\n	<p><a href=\"https://www.thegioididong.com/hoi-dap/he-dieu-hanh-color-os-la-ma-quen-1073718\" target=\"_blank\">ColorOS 3.2 (Android 7.1)</a></p>\r\n	</li>\r\n	<li>Camera sau:\r\n	<p>16 MP</p>\r\n	</li>\r\n	<li>Camera trước:\r\n	<p>20 MP</p>\r\n	</li>\r\n	<li>CPU:\r\n	<p><a href=\"https://www.thegioididong.com/tin-tuc/mediatek-chuan-bi-ra-mat-helio-p23-kien-truc-16nm-gpu-manh--982015\" target=\"_blank\">Mediatek Helio P23 8 nh&acirc;n 64-bit</a></p>\r\n	</li>\r\n	<li>RAM:\r\n	<p>6 GB</p>\r\n	</li>\r\n	<li>Bộ nhớ trong:\r\n	<p>64 GB</p>\r\n	</li>\r\n	<li>Thẻ nhớ:\r\n	<p><a href=\"https://www.thegioididong.com/the-nho-dien-thoai\" target=\"_blank\">MicroSD, hỗ trợ tối đa 256 GB</a></p>\r\n	</li>\r\n	<li>Thẻ SIM:\r\n	<p><a href=\"https://www.thegioididong.com/tin-tuc/tim-hieu-cac-loai-sim-thong-dung-sim-thuong-micro--590216#nanosim\" target=\"_blank\">2 Nano SIM</a>,&nbsp;<a href=\"https://www.thegioididong.com/hoi-dap/4g-la-gi-731757\" target=\"_blank\">Hỗ trợ 4G</a></p>\r\n\r\n	<p><strong>HOT</strong><a href=\"https://www.thegioididong.com/sim-so-dep/mobifone?t=50\">Mua sim Mobi Big 60 (3GB data/ th&aacute;ng)</a>. Gi&aacute; từ&nbsp;<strong>80.000đ</strong></p>\r\n	</li>\r\n	<li>Dung lượng pin:\r\n	<p>3200 mAh</p>\r\n	</li>\r\n</ul>\r\n', 38, 1, ''),
(57, 'Sony Xperia XA1 Ultra Pink', 1, 'Sony', 6490000, 0, 'sony-xperia-xa1-ultra-pink-hh-400x400.jpg', '<h2>Th&ocirc;ng số kỹ thuật</h2>\r\n\r\n<ul>\r\n	<li>M&agrave;n h&igrave;nh:\r\n	<p><a href=\"https://www.thegioididong.com/hoi-dap/man-hinh-ips-lcd-la-gi-905752\" target=\"_blank\">IPS LCD</a>, 6.0&quot;,&nbsp;<a href=\"https://www.thegioididong.com/tin-tuc/do-phan-giai-man-hinh-qhd-hd-fullhd-2k-4k-la-gi--592178#fullhd\" target=\"_blank\">Full HD</a></p>\r\n	</li>\r\n	<li>Hệ điều h&agrave;nh:\r\n	<p><a href=\"https://www.thegioididong.com/tin-tuc/10-tinh-nang-tuyet-voi-tren-android-7-0-se-khien-ban-phat-cuong-phan-1--931000\" target=\"_blank\">Android 7.0 (Nougat)</a></p>\r\n	</li>\r\n	<li>Camera sau:\r\n	<p>23 MP</p>\r\n	</li>\r\n	<li>Camera trước:\r\n	<p>16 MP</p>\r\n	</li>\r\n	<li>CPU:\r\n	<p><a href=\"https://www.thegioididong.com/hoi-dap/mediatek-helio-p20-842189\" target=\"_blank\">Mediatek Helio P20</a></p>\r\n	</li>\r\n	<li>RAM:\r\n	<p>4 GB</p>\r\n	</li>\r\n	<li>Bộ nhớ trong:\r\n	<p>64 GB</p>\r\n	</li>\r\n	<li>Thẻ nhớ:\r\n	<p><a href=\"https://www.thegioididong.com/the-nho-dien-thoai\" target=\"_blank\">MicroSD, hỗ trợ tối đa 256 GB</a></p>\r\n	</li>\r\n	<li>Thẻ SIM:\r\n	<p><a href=\"https://www.thegioididong.com/tin-tuc/tim-hieu-cac-loai-sim-thong-dung-sim-thuong-micro--590216#nanosim\" target=\"_blank\">2 Nano SIM</a>,&nbsp;<a href=\"https://www.thegioididong.com/hoi-dap/4g-la-gi-731757\" target=\"_blank\">Hỗ trợ 4G</a></p>\r\n\r\n	<p><strong>HOT</strong><a href=\"https://www.thegioididong.com/sim-so-dep/mobifone?t=50\">Mua sim Mobi Big 60 (3GB data/ th&aacute;ng)</a>. Gi&aacute; từ&nbsp;<strong>80.000đ</strong></p>\r\n	</li>\r\n	<li>Dung lượng pin:\r\n	<p>2700 mAh,&nbsp;<a href=\"https://www.thegioididong.com/hoi-dap/cong-nghe-sac-nhanh-tren-smartphone-755549\" target=\"_blank\">c&oacute; sạc nhanh</a></p>\r\n	</li>\r\n</ul>\r\n', 4, 1, ''),
(58, 'Samsung Galaxy J7 Pro', 1, 'Samsung', 6090000, 0, 'samsung-galaxy-j7-pro-hh-400x400.jpg', '<h2>Th&ocirc;ng số kỹ thuật</h2>\r\n\r\n<ul>\r\n	<li>M&agrave;n h&igrave;nh:\r\n	<p><a href=\"https://www.thegioididong.com/hoi-dap/man-hinh-super-amoled-la-gi-905770\" target=\"_blank\">Super AMOLED</a>, 5.5&quot;,&nbsp;<a href=\"https://www.thegioididong.com/tin-tuc/do-phan-giai-man-hinh-qhd-hd-fullhd-2k-4k-la-gi--592178#fullhd\" target=\"_blank\">Full HD</a></p>\r\n	</li>\r\n	<li>Hệ điều h&agrave;nh:\r\n	<p><a href=\"https://www.thegioididong.com/tin-tuc/10-tinh-nang-tuyet-voi-tren-android-7-0-se-khien-ban-phat-cuong-phan-1--931000\" target=\"_blank\">Android 7.0 (Nougat)</a></p>\r\n	</li>\r\n	<li>Camera sau:\r\n	<p>13 MP</p>\r\n	</li>\r\n	<li>Camera trước:\r\n	<p>13 MP</p>\r\n	</li>\r\n	<li>CPU:\r\n	<p><a href=\"https://www.thegioididong.com/hoi-dap/samsung-exynos-7870-843409\" target=\"_blank\">Exynos 7870 8 nh&acirc;n 64-bit</a></p>\r\n	</li>\r\n	<li>RAM:\r\n	<p>3 GB</p>\r\n	</li>\r\n	<li>Bộ nhớ trong:\r\n	<p>32 GB</p>\r\n	</li>\r\n	<li>Thẻ nhớ:\r\n	<p><a href=\"https://www.thegioididong.com/the-nho-dien-thoai\" target=\"_blank\">MicroSD, hỗ trợ tối đa 256 GB</a></p>\r\n	</li>\r\n	<li>Thẻ SIM:\r\n	<p><a href=\"https://www.thegioididong.com/tin-tuc/tim-hieu-cac-loai-sim-thong-dung-sim-thuong-micro--590216#nanosim\" target=\"_blank\">2 Nano SIM</a>,&nbsp;<a href=\"https://www.thegioididong.com/hoi-dap/4g-la-gi-731757\" target=\"_blank\">Hỗ trợ 4G</a></p>\r\n\r\n	<p><strong>HOT</strong><a href=\"https://www.thegioididong.com/sim-so-dep/mobifone?t=50\">Mua sim Mobi Big 60 (3GB data/ th&aacute;ng)</a>. Gi&aacute; từ&nbsp;<strong>80.000đ</strong></p>\r\n	</li>\r\n	<li>Dung lượng pin:\r\n	<p>3600 mAh</p>\r\n	</li>\r\n</ul>\r\n', 5, 1, ''),
(59, 'Huawei Nova 3e', 1, 'Huawei ', 5990000, 0, 'huawei-nova-3e-2-400x400.jpg', '<h2>Th&ocirc;ng số kỹ thuật</h2>\r\n\r\n<ul>\r\n	<li>M&agrave;n h&igrave;nh:\r\n	<p><a href=\"https://www.thegioididong.com/hoi-dap/man-hinh-ips-lcd-la-gi-905752\" target=\"_blank\">IPS LCD</a>, 5.84&quot;, Full HD+</p>\r\n	</li>\r\n	<li>Hệ điều h&agrave;nh:\r\n	<p><a href=\"https://www.thegioididong.com/tin-tuc/android-8-la-gi-vi-sao-co-ten-goi-khac-la-android-o--966604\" target=\"_blank\">Android 8.0 (Oreo)</a></p>\r\n	</li>\r\n	<li>Camera sau:\r\n	<p>16 MP v&agrave; 2 MP (2 camera)</p>\r\n	</li>\r\n	<li>Camera trước:\r\n	<p>16 MP</p>\r\n	</li>\r\n	<li>CPU:\r\n	<p><a href=\"https://www.thegioididong.com/tin-tuc/danh-gia-nhanh-hieu-nang-chip-kirin-659-tren-huawei-nova-2i-1032782\" target=\"_blank\">HiSilicon Kirin 659 8 nh&acirc;n</a></p>\r\n	</li>\r\n	<li>RAM:\r\n	<p>4 GB</p>\r\n	</li>\r\n	<li>Bộ nhớ trong:\r\n	<p>64 GB</p>\r\n	</li>\r\n	<li>Thẻ nhớ:\r\n	<p><a href=\"https://www.thegioididong.com/the-nho-dien-thoai\" target=\"_blank\">MicroSD, hỗ trợ tối đa 256 GB</a></p>\r\n	</li>\r\n	<li>Thẻ SIM:\r\n	<p><a href=\"https://www.thegioididong.com/tin-tuc/tim-hieu-cac-loai-sim-thong-dung-sim-thuong-micro--590216#nanosim\" target=\"_blank\">2 Nano SIM</a>,&nbsp;<a href=\"https://www.thegioididong.com/hoi-dap/4g-la-gi-731757\" target=\"_blank\">Hỗ trợ 4G</a></p>\r\n\r\n	<p><strong>HOT</strong><a href=\"https://www.thegioididong.com/sim-so-dep/mobifone?t=50\">Mua sim Mobi Big 60 (3GB data/ th&aacute;ng)</a>. Gi&aacute; từ&nbsp;<strong>80.000đ</strong></p>\r\n	</li>\r\n	<li>Dung lượng pin:\r\n	<p>3000 mAh,&nbsp;<a href=\"https://www.thegioididong.com/hoi-dap/cong-nghe-sac-nhanh-tren-smartphone-755549\" target=\"_blank\">c&oacute; sạc nhanh</a></p>\r\n	</li>\r\n</ul>\r\n', 6, 1, ''),
(60, 'Vivo Y85', 1, 'Vivo', 5990000, 0, 'vivo-y85-red-docquyen-400x400.jpg', '<h2>Th&ocirc;ng số kỹ thuật</h2>\r\n\r\n<ul>\r\n	<li>M&agrave;n h&igrave;nh:\r\n	<p><a href=\"https://www.thegioididong.com/hoi-dap/man-hinh-ips-lcd-la-gi-905752\" target=\"_blank\">IPS LCD</a>, 6.22&quot;, HD+</p>\r\n	</li>\r\n	<li>Hệ điều h&agrave;nh:\r\n	<p><a href=\"https://www.thegioididong.com/hoi-dap/co-gi-dac-biet-o-android-81-oreo-1073208\" target=\"_blank\">Android 8.1 (Oreo)</a></p>\r\n	</li>\r\n	<li>Camera sau:\r\n	<p>13 MP v&agrave; 2 MP (2 camera)</p>\r\n	</li>\r\n	<li>Camera trước:\r\n	<p>8 MP</p>\r\n	</li>\r\n	<li>CPU:\r\n	<p><a href=\"https://www.thegioididong.com/hoi-dap/cung-tim-hieu-ve-vi-xu-ly-mediatek-helio-p22-1095698\" target=\"_blank\">MediaTek MT6762 8 nh&acirc;n 64-bit (Helio P22)</a></p>\r\n	</li>\r\n	<li>RAM:\r\n	<p>4 GB</p>\r\n	</li>\r\n	<li>Bộ nhớ trong:\r\n	<p>32 GB</p>\r\n	</li>\r\n	<li>Thẻ nhớ:\r\n	<p><a href=\"https://www.thegioididong.com/the-nho-dien-thoai\" target=\"_blank\">MicroSD, hỗ trợ tối đa 256 GB</a></p>\r\n	</li>\r\n	<li>Thẻ SIM:\r\n	<p><a href=\"https://www.thegioididong.com/tin-tuc/tim-hieu-cac-loai-sim-thong-dung-sim-thuong-micro--590216#nanosim\" target=\"_blank\">2 Nano SIM</a>,&nbsp;<a href=\"https://www.thegioididong.com/hoi-dap/4g-la-gi-731757\" target=\"_blank\">Hỗ trợ 4G</a></p>\r\n\r\n	<p><strong>HOT</strong><a href=\"https://www.thegioididong.com/sim-so-dep/mobifone?t=50\">Mua sim Mobi Big 60 (3GB data/ th&aacute;ng)</a>. Gi&aacute; từ&nbsp;<strong>80.000đ</strong></p>\r\n	</li>\r\n	<li>Dung lượng pin:\r\n	<p>3260 mAh</p>\r\n	</li>\r\n</ul>\r\n', 7, 1, 'Mua thêm thẻ nhớ 16GB giảm 30% - Pin dự phòng 7.500mAh Y323S nâu giảm 40% (Chỉ áp dụng mua Online)'),
(61, 'Nokia 6 new', 1, 'Nokia', 5990000, 0, 'nokia-6-2018-13-400x400.jpg', '<h2>Th&ocirc;ng số kỹ thuật</h2>\r\n\r\n<ul>\r\n	<li>M&agrave;n h&igrave;nh:\r\n	<p><a href=\"https://www.thegioididong.com/hoi-dap/man-hinh-ips-lcd-la-gi-905752\" target=\"_blank\">IPS LCD</a>, 5.5&quot;,&nbsp;<a href=\"https://www.thegioididong.com/tin-tuc/do-phan-giai-man-hinh-qhd-hd-fullhd-2k-4k-la-gi--592178#fullhd\" target=\"_blank\">Full HD</a></p>\r\n	</li>\r\n	<li>Hệ điều h&agrave;nh:\r\n	<p><a href=\"https://www.thegioididong.com/tin-tuc/android-8-la-gi-vi-sao-co-ten-goi-khac-la-android-o--966604\" target=\"_blank\">Android 8.0 (Oreo)</a></p>\r\n	</li>\r\n	<li>Camera sau:\r\n	<p>16 MP</p>\r\n	</li>\r\n	<li>Camera trước:\r\n	<p>8 MP</p>\r\n	</li>\r\n	<li>CPU:\r\n	<p><a href=\"https://www.thegioididong.com/hoi-dap/tim-hieu-ve-chip-xu-ly-qualcomm-snapdragon-630-gp-1015216\" target=\"_blank\">Qualcomm Snapdragon 630 8 nh&acirc;n</a></p>\r\n	</li>\r\n	<li>RAM:\r\n	<p>3 GB</p>\r\n	</li>\r\n	<li>Bộ nhớ trong:\r\n	<p>32 GB</p>\r\n	</li>\r\n	<li>Thẻ nhớ:\r\n	<p><a href=\"https://www.thegioididong.com/the-nho-dien-thoai/the-nho-microsd-128gb-class-10-uhs1\" target=\"_blank\">MicroSD, hỗ trợ tối đa 128 GB</a></p>\r\n	</li>\r\n	<li>Thẻ SIM:\r\n	<p><a href=\"https://www.thegioididong.com/tin-tuc/tim-hieu-cac-loai-sim-thong-dung-sim-thuong-micro--590216#nanosim\" target=\"_blank\">2 SIM Nano (SIM 2 chung khe thẻ nhớ)</a>,&nbsp;<a href=\"https://www.thegioididong.com/hoi-dap/4g-la-gi-731757\" target=\"_blank\">Hỗ trợ 4G</a></p>\r\n\r\n	<p><strong>HOT</strong><a href=\"https://www.thegioididong.com/sim-so-dep/mobifone?t=50\">Mua sim Mobi Big 60 (3GB data/ th&aacute;ng)</a>. Gi&aacute; từ&nbsp;<strong>80.000đ</strong></p>\r\n	</li>\r\n	<li>Dung lượng pin:\r\n	<p>3000 mAh</p>\r\n	</li>\r\n</ul>\r\n', 6, 1, ''),
(62, 'Sony Xperia XA1 Plus', 1, 'Sony', 5990000, 0, 'sony-xperia-xa1-plus-ava-200x200.jpg', '<h2>Th&ocirc;ng số kỹ thuật</h2>\r\n\r\n<ul>\r\n	<li>M&agrave;n h&igrave;nh:\r\n	<p><a href=\"https://www.thegioididong.com/hoi-dap/man-hinh-ips-lcd-la-gi-905752\" target=\"_blank\">IPS LCD</a>, 5.5&quot;,&nbsp;<a href=\"https://www.thegioididong.com/tin-tuc/do-phan-giai-man-hinh-qhd-hd-fullhd-2k-4k-la-gi--592178#fullhd\" target=\"_blank\">Full HD</a></p>\r\n	</li>\r\n	<li>Hệ điều h&agrave;nh:\r\n	<p><a href=\"https://www.thegioididong.com/tin-tuc/10-tinh-nang-tuyet-voi-tren-android-7-0-se-khien-ban-phat-cuong-phan-1--931000\" target=\"_blank\">Android 7.0 (Nougat)</a></p>\r\n	</li>\r\n	<li>Camera sau:\r\n	<p>23 MP</p>\r\n	</li>\r\n	<li>Camera trước:\r\n	<p>8 MP</p>\r\n	</li>\r\n	<li>CPU:\r\n	<p><a href=\"https://www.thegioididong.com/hoi-dap/mediatek-helio-p20-842189\" target=\"_blank\">Mediatek Helio P20</a></p>\r\n	</li>\r\n	<li>RAM:\r\n	<p>4 GB</p>\r\n	</li>\r\n	<li>Bộ nhớ trong:\r\n	<p>32 GB</p>\r\n	</li>\r\n	<li>Thẻ nhớ:\r\n	<p><a href=\"https://www.thegioididong.com/the-nho-dien-thoai\" target=\"_blank\">MicroSD, hỗ trợ tối đa 256 GB</a></p>\r\n	</li>\r\n	<li>Thẻ SIM:\r\n	<p><a href=\"https://www.thegioididong.com/tin-tuc/tim-hieu-cac-loai-sim-thong-dung-sim-thuong-micro--590216#nanosim\" target=\"_blank\">2 Nano SIM</a>,&nbsp;<a href=\"https://www.thegioididong.com/hoi-dap/4g-la-gi-731757\" target=\"_blank\">Hỗ trợ 4G</a></p>\r\n\r\n	<p><strong>HOT</strong><a href=\"https://www.thegioididong.com/sim-so-dep/mobifone?t=50\">Mua sim Mobi Big 60 (3GB data/ th&aacute;ng)</a>. Gi&aacute; từ&nbsp;<strong>80.000đ</strong></p>\r\n	</li>\r\n	<li>Dung lượng pin:\r\n	<p>3430 mAh,&nbsp;<a href=\"https://www.thegioididong.com/hoi-dap/cong-nghe-sac-nhanh-tren-smartphone-755549\" target=\"_blank\">c&oacute; sạc nhanh</a></p>\r\n	</li>\r\n</ul>\r\n', 8, 1, ''),
(63, 'Xiaomi Redmi Note 5', 1, 'Xiaomi', 5690000, 0, 'xiaomi-redmi-note-5-pro-400x400.jpg', '<h2>Th&ocirc;ng số kỹ thuật</h2>\r\n\r\n<ul>\r\n	<li>M&agrave;n h&igrave;nh:\r\n	<p><a href=\"https://www.thegioididong.com/hoi-dap/man-hinh-ips-lcd-la-gi-905752\" target=\"_blank\">IPS LCD</a>, 5.99&quot;, Full HD+</p>\r\n	</li>\r\n	<li>Hệ điều h&agrave;nh:\r\n	<p><a href=\"https://www.thegioididong.com/hoi-dap/co-gi-dac-biet-o-android-81-oreo-1073208\" target=\"_blank\">Android 8.1 (Oreo)</a></p>\r\n	</li>\r\n	<li>Camera sau:\r\n	<p>12 MP v&agrave; 5 MP (2 camera)</p>\r\n	</li>\r\n	<li>Camera trước:\r\n	<p>13 MP</p>\r\n	</li>\r\n	<li>CPU:\r\n	<p><a href=\"https://www.thegioididong.com/tin-tuc/snapdragon-636hieu-nang-tang-40-ho-tro-man-hinh-ti-le-189-1033632\" target=\"_blank\">Qualcomm Snapdragon 636 8 nh&acirc;n</a></p>\r\n	</li>\r\n	<li>RAM:\r\n	<p>4 GB</p>\r\n	</li>\r\n	<li>Bộ nhớ trong:\r\n	<p>64 GB</p>\r\n	</li>\r\n	<li>Thẻ nhớ:\r\n	<p><a href=\"https://www.thegioididong.com/the-nho-dien-thoai/the-nho-microsd-128gb-class-10-uhs1\" target=\"_blank\">MicroSD, hỗ trợ tối đa 128 GB</a></p>\r\n	</li>\r\n	<li>Thẻ SIM:\r\n	<p><a href=\"https://www.thegioididong.com/tin-tuc/tim-hieu-cac-loai-sim-thong-dung-sim-thuong-micro--590216#nanosim\" target=\"_blank\">2 SIM Nano (SIM 2 chung khe thẻ nhớ)</a>,&nbsp;<a href=\"https://www.thegioididong.com/hoi-dap/4g-la-gi-731757\" target=\"_blank\">Hỗ trợ 4G</a></p>\r\n\r\n	<p><strong>HOT</strong><a href=\"https://www.thegioididong.com/sim-so-dep/mobifone?t=50\">Mua sim Mobi Big 60 (3GB data/ th&aacute;ng)</a>. Gi&aacute; từ&nbsp;<strong>80.000đ</strong></p>\r\n	</li>\r\n	<li>Dung lượng pin:\r\n	<p>4000 mAh,&nbsp;<a href=\"https://www.thegioididong.com/hoi-dap/cong-nghe-sac-nhanh-tren-smartphone-755549\" target=\"_blank\">c&oacute; sạc nhanh</a></p>\r\n	</li>\r\n</ul>\r\n', 3, 1, ''),
(64, 'Xiaomi Mi A1 64GB', 1, 'Xiaomi', 4990000, 0, 'xiaomi-mi-a1-vang-hong-400x400.jpg', '<h2>Th&ocirc;ng số kỹ thuật</h2>\r\n\r\n<ul>\r\n	<li>M&agrave;n h&igrave;nh:\r\n	<p><a href=\"https://www.thegioididong.com/tin-tuc/loai-man-hinh-tft-lcd-amoled-la-gi--592346\" target=\"_blank\">LTPS LCD</a>, 5.5&quot;,&nbsp;<a href=\"https://www.thegioididong.com/tin-tuc/do-phan-giai-man-hinh-qhd-hd-fullhd-2k-4k-la-gi--592178#fullhd\" target=\"_blank\">Full HD</a></p>\r\n	</li>\r\n	<li>Hệ điều h&agrave;nh:\r\n	<p><a href=\"https://www.thegioididong.com/tin-tuc/android-7-1-co-mot-tinh-nang-se-khien-apple-phai-coi-chung-931121\" target=\"_blank\">Android 7.1 (Nougat)</a></p>\r\n	</li>\r\n	<li>Camera sau:\r\n	<p>2 camera 12 MP</p>\r\n	</li>\r\n	<li>Camera trước:\r\n	<p>5 MP</p>\r\n	</li>\r\n	<li>CPU:\r\n	<p><a href=\"https://www.thegioididong.com/hoi-dap/qualcomm-snapdragon-625-839970\" target=\"_blank\">Snapdragon 625 8 nh&acirc;n 64-bit</a></p>\r\n	</li>\r\n	<li>RAM:\r\n	<p>4 GB</p>\r\n	</li>\r\n	<li>Bộ nhớ trong:\r\n	<p>64 GB</p>\r\n	</li>\r\n	<li>Thẻ nhớ:\r\n	<p><a href=\"https://www.thegioididong.com/the-nho-dien-thoai/the-nho-microsd-128gb-class-10-uhs1\" target=\"_blank\">MicroSD, hỗ trợ tối đa 128 GB</a></p>\r\n	</li>\r\n	<li>Thẻ SIM:\r\n	<p><a href=\"https://www.thegioididong.com/tin-tuc/tim-hieu-cac-loai-sim-thong-dung-sim-thuong-micro--590216#nanosim\" target=\"_blank\">2 SIM Nano (SIM 2 chung khe thẻ nhớ)</a>,&nbsp;<a href=\"https://www.thegioididong.com/hoi-dap/4g-la-gi-731757\" target=\"_blank\">Hỗ trợ 4G</a></p>\r\n\r\n	<p><strong>HOT</strong><a href=\"https://www.thegioididong.com/sim-so-dep/mobifone?t=50\">Mua sim Mobi Big 60 (3GB data/ th&aacute;ng)</a>. Gi&aacute; từ&nbsp;<strong>80.000đ</strong></p>\r\n	</li>\r\n	<li>Dung lượng pin:\r\n	<p>3080 mAh</p>\r\n	</li>\r\n</ul>\r\n', 6, 1, ''),
(65, 'Sony Xperia X', 1, 'Sony', 4990000, 0, 'sony-xperia-x-hh-400x400.jpg', '<h2>Th&ocirc;ng số kỹ thuật</h2>\r\n\r\n<ul>\r\n	<li>M&agrave;n h&igrave;nh:\r\n	<p><a href=\"https://www.thegioididong.com/hoi-dap/man-hinh-ips-lcd-la-gi-905752\" target=\"_blank\">IPS LCD</a>, 5&quot;,&nbsp;<a href=\"https://www.thegioididong.com/tin-tuc/do-phan-giai-man-hinh-qhd-hd-fullhd-2k-4k-la-gi--592178#fullhd\" target=\"_blank\">Full HD</a></p>\r\n	</li>\r\n	<li>Hệ điều h&agrave;nh:\r\n	<p><a href=\"https://www.thegioididong.com/hoi-dap/android-6-marshmallow-co-gi-hot-726146\" target=\"_blank\">Android 6.0 (Marshmallow)</a></p>\r\n	</li>\r\n	<li>Camera sau:\r\n	<p>23 MP</p>\r\n	</li>\r\n	<li>Camera trước:\r\n	<p>13 MP</p>\r\n	</li>\r\n	<li>CPU:\r\n	<p><a href=\"https://www.thegioididong.com/hoi-dap/qualcomm-snapdragon-650-844726\" target=\"_blank\">Snapdragon 650 6 nh&acirc;n 64-bit</a></p>\r\n	</li>\r\n	<li>RAM:\r\n	<p>3 GB</p>\r\n	</li>\r\n	<li>Bộ nhớ trong:\r\n	<p>64 GB</p>\r\n	</li>\r\n	<li>Thẻ nhớ:\r\n	<p><a href=\"https://www.thegioididong.com/the-nho-dien-thoai\" target=\"_blank\">MicroSD, hỗ trợ tối đa 200 GB</a></p>\r\n	</li>\r\n	<li>Thẻ SIM:\r\n	<p><a href=\"https://www.thegioididong.com/tin-tuc/tim-hieu-cac-loai-sim-thong-dung-sim-thuong-micro--590216#nanosim\" target=\"_blank\">2 Nano SIM</a>,&nbsp;<a href=\"https://www.thegioididong.com/hoi-dap/4g-la-gi-731757\" target=\"_blank\">Hỗ trợ 4G</a></p>\r\n\r\n	<p><strong>HOT</strong><a href=\"https://www.thegioididong.com/sim-so-dep/mobifone?t=50\">Mua sim Mobi Big 60 (3GB data/ th&aacute;ng)</a>. Gi&aacute; từ&nbsp;<strong>80.000đ</strong></p>\r\n	</li>\r\n	<li>Dung lượng pin:\r\n	<p>2620 mAh,&nbsp;<a href=\"https://www.thegioididong.com/hoi-dap/cong-nghe-sac-nhanh-tren-smartphone-755549\" target=\"_blank\">c&oacute; sạc nhanh</a></p>\r\n	</li>\r\n</ul>\r\n', 5, 1, 'Mua thêm thẻ nhớ 16GB giảm 30% - Pin dự phòng 7.500mAh Y323S nâu giảm 40% (Chỉ áp dụng mua Online)');
INSERT INTO `product` (`id_product`, `name_product`, `id_category`, `label`, `price`, `price_sales`, `image`, `description`, `quantity`, `status`, `note_km`) VALUES
(66, 'Nokia 6', 1, 'Nokia', 49900000, 0, 'nokia-6-15-200x200.jpg', '<h2>Th&ocirc;ng số kỹ thuật</h2>\r\n\r\n<ul>\r\n	<li>M&agrave;n h&igrave;nh:\r\n	<p><a href=\"https://www.thegioididong.com/hoi-dap/man-hinh-ips-lcd-la-gi-905752\" target=\"_blank\">IPS LCD</a>, 5.5&quot;,&nbsp;<a href=\"https://www.thegioididong.com/tin-tuc/do-phan-giai-man-hinh-qhd-hd-fullhd-2k-4k-la-gi--592178#fullhd\" target=\"_blank\">Full HD</a></p>\r\n	</li>\r\n	<li>Hệ điều h&agrave;nh:\r\n	<p><a href=\"https://www.thegioididong.com/tin-tuc/10-tinh-nang-tuyet-voi-tren-android-7-0-se-khien-ban-phat-cuong-phan-1--931000\" target=\"_blank\">Android 7.0 (Nougat)</a></p>\r\n	</li>\r\n	<li>Camera sau:\r\n	<p>16 MP</p>\r\n	</li>\r\n	<li>Camera trước:\r\n	<p>8 MP</p>\r\n	</li>\r\n	<li>CPU:\r\n	<p><a href=\"https://www.thegioididong.com/hoi-dap/qualcomm-snapdragon-430-844784\" target=\"_blank\">Qualcomm Snapdragon 430 8 nh&acirc;n 64 bit</a></p>\r\n	</li>\r\n	<li>RAM:\r\n	<p>3 GB</p>\r\n	</li>\r\n	<li>Bộ nhớ trong:\r\n	<p>32 GB</p>\r\n	</li>\r\n	<li>Thẻ nhớ:\r\n	<p><a href=\"https://www.thegioididong.com/the-nho-dien-thoai/the-nho-microsd-128gb-class-10-uhs1\" target=\"_blank\">MicroSD, hỗ trợ tối đa 128 GB</a></p>\r\n	</li>\r\n	<li>Thẻ SIM:\r\n	<p><a href=\"https://www.thegioididong.com/tin-tuc/tim-hieu-cac-loai-sim-thong-dung-sim-thuong-micro--590216#nanosim\" target=\"_blank\">2 SIM Nano (SIM 2 chung khe thẻ nhớ)</a>,&nbsp;<a href=\"https://www.thegioididong.com/hoi-dap/4g-la-gi-731757\" target=\"_blank\">Hỗ trợ 4G</a></p>\r\n\r\n	<p><strong>HOT</strong><a href=\"https://www.thegioididong.com/sim-so-dep/mobifone?t=50\">Mua sim Mobi Big 60 (3GB data/ th&aacute;ng)</a>. Gi&aacute; từ&nbsp;<strong>80.000đ</strong></p>\r\n	</li>\r\n	<li>Dung lượng pin:\r\n	<p>3000 mAh</p>\r\n	</li>\r\n</ul>\r\n', 4, 1, ''),
(67, 'Sony Xperia L2', 1, 'Sony', 4990000, 0, 'sony-xperia-l2-vang-nh-400x400.jpg', '<h2>Th&ocirc;ng số kỹ thuật</h2>\r\n\r\n<ul>\r\n	<li>M&agrave;n h&igrave;nh:\r\n	<p><a href=\"https://www.thegioididong.com/hoi-dap/man-hinh-ips-lcd-la-gi-905752\" target=\"_blank\">IPS LCD</a>, 5.5&quot;,&nbsp;<a href=\"https://www.thegioididong.com/tin-tuc/do-phan-giai-man-hinh-qhd-hd-fullhd-2k-4k-la-gi--592178#hd\" target=\"_blank\">HD</a></p>\r\n	</li>\r\n	<li>Hệ điều h&agrave;nh:\r\n	<p><a href=\"https://www.thegioididong.com/tin-tuc/android-7-1-co-mot-tinh-nang-se-khien-apple-phai-coi-chung-931121\" target=\"_blank\">Android 7.1 (Nougat)</a></p>\r\n	</li>\r\n	<li>Camera sau:\r\n	<p>13 MP</p>\r\n	</li>\r\n	<li>Camera trước:\r\n	<p>8 MP</p>\r\n	</li>\r\n	<li>CPU:\r\n	<p><a href=\"https://www.thegioididong.com/hoi-dap/mediatek-mt6737-837959\" target=\"_blank\">MT6737T, 4 nh&acirc;n</a></p>\r\n	</li>\r\n	<li>RAM:\r\n	<p>3 GB</p>\r\n	</li>\r\n	<li>Bộ nhớ trong:\r\n	<p>32 GB</p>\r\n	</li>\r\n	<li>Thẻ nhớ:\r\n	<p><a href=\"https://www.thegioididong.com/the-nho-dien-thoai\" target=\"_blank\">MicroSD, hỗ trợ tối đa 256 GB</a></p>\r\n	</li>\r\n	<li>Thẻ SIM:\r\n	<p><a href=\"https://www.thegioididong.com/tin-tuc/tim-hieu-cac-loai-sim-thong-dung-sim-thuong-micro--590216#nanosim\" target=\"_blank\">2 Nano SIM</a>,&nbsp;<a href=\"https://www.thegioididong.com/hoi-dap/4g-la-gi-731757\" target=\"_blank\">Hỗ trợ 4G</a></p>\r\n\r\n	<p><strong>HOT</strong><a href=\"https://www.thegioididong.com/sim-so-dep/mobifone?t=50\">Mua sim Mobi Big 60 (3GB data/ th&aacute;ng)</a>. Gi&aacute; từ&nbsp;<strong>80.000đ</strong></p>\r\n	</li>\r\n	<li>Dung lượng pin:\r\n	<p>3300 mAh</p>\r\n	</li>\r\n</ul>\r\n', 6, 1, ''),
(68, 'ASUS Zenfone Max Plus M1 - ZB570TL', 1, 'Asus', 4490000, 4290000, 'asus-zenfone-max-m1-plus-zb570tl-200x200.jpg', '<h2>Th&ocirc;ng số kỹ thuật</h2>\r\n\r\n<ul>\r\n	<li>M&agrave;n h&igrave;nh:\r\n	<p><a href=\"https://www.thegioididong.com/hoi-dap/man-hinh-ips-lcd-la-gi-905752\" target=\"_blank\">IPS LCD</a>, 5.7&quot;, Full HD+</p>\r\n	</li>\r\n	<li>Hệ điều h&agrave;nh:\r\n	<p><a href=\"https://www.thegioididong.com/tin-tuc/10-tinh-nang-tuyet-voi-tren-android-7-0-se-khien-ban-phat-cuong-phan-1--931000\" target=\"_blank\">Android 7.0 (Nougat)</a></p>\r\n	</li>\r\n	<li>Camera sau:\r\n	<p>16 MP v&agrave; 8 MP (2 camera)</p>\r\n	</li>\r\n	<li>Camera trước:\r\n	<p>8 MP</p>\r\n	</li>\r\n	<li>CPU:\r\n	<p><a href=\"https://www.thegioididong.com/hoi-dap/tim-hieu-chip-mediatek-mt6750-900098\" target=\"_blank\">MT6750T 8 nh&acirc;n 64-bit</a></p>\r\n	</li>\r\n	<li>RAM:\r\n	<p>3 GB</p>\r\n	</li>\r\n	<li>Bộ nhớ trong:\r\n	<p>32 GB</p>\r\n	</li>\r\n	<li>Thẻ nhớ:\r\n	<p><a href=\"https://www.thegioididong.com/the-nho-dien-thoai\" target=\"_blank\">MicroSD, hỗ trợ tối đa 256 GB</a></p>\r\n	</li>\r\n	<li>Thẻ SIM:\r\n	<p><a href=\"https://www.thegioididong.com/tin-tuc/tim-hieu-cac-loai-sim-thong-dung-sim-thuong-micro--590216#nanosim\" target=\"_blank\">2 Nano SIM</a>,&nbsp;<a href=\"https://www.thegioididong.com/hoi-dap/4g-la-gi-731757\" target=\"_blank\">Hỗ trợ 4G</a></p>\r\n\r\n	<p><strong>HOT</strong><a href=\"https://www.thegioididong.com/sim-so-dep/mobifone?t=50\">Mua sim Mobi Big 60 (3GB data/ th&aacute;ng)</a>. Gi&aacute; từ&nbsp;<strong>80.000đ</strong></p>\r\n	</li>\r\n	<li>Dung lượng pin:\r\n	<p>4130 mAh</p>\r\n	</li>\r\n</ul>\r\n', 56, 1, ''),
(69, 'OPPO A83 2018 (không tai nghe)', 1, 'OPPO', 4490000, 0, 'oppo-a83-2018-khong-tai-nghe-xanh-duong-400x400.jpg', '<h2>Th&ocirc;ng số kỹ thuật</h2>\r\n\r\n<ul>\r\n	<li>M&agrave;n h&igrave;nh:\r\n	<p><a href=\"https://www.thegioididong.com/hoi-dap/man-hinh-ips-lcd-la-gi-905752\" target=\"_blank\">IPS LCD</a>, 5.7&quot;, HD+</p>\r\n	</li>\r\n	<li>Hệ điều h&agrave;nh:\r\n	<p><a href=\"https://www.thegioididong.com/tin-tuc/android-7-1-co-mot-tinh-nang-se-khien-apple-phai-coi-chung-931121\" target=\"_blank\">Android 7.1 (Nougat)</a></p>\r\n	</li>\r\n	<li>Camera sau:\r\n	<p>13 MP</p>\r\n	</li>\r\n	<li>Camera trước:\r\n	<p>8 MP</p>\r\n	</li>\r\n	<li>CPU:\r\n	<p><a href=\"https://www.thegioididong.com/tin-tuc/mediatek-chuan-bi-ra-mat-helio-p23-kien-truc-16nm-gpu-manh--982015\" target=\"_blank\">Mediatek Helio P23 8 nh&acirc;n 64-bit</a></p>\r\n	</li>\r\n	<li>RAM:\r\n	<p>3 GB</p>\r\n	</li>\r\n	<li>Bộ nhớ trong:\r\n	<p>32 GB</p>\r\n	</li>\r\n	<li>Thẻ nhớ:\r\n	<p><a href=\"https://www.thegioididong.com/the-nho-dien-thoai\" target=\"_blank\">MicroSD, hỗ trợ tối đa 256 GB</a></p>\r\n	</li>\r\n	<li>Thẻ SIM:\r\n	<p><a href=\"https://www.thegioididong.com/tin-tuc/tim-hieu-cac-loai-sim-thong-dung-sim-thuong-micro--590216#nanosim\" target=\"_blank\">2 Nano SIM</a>,&nbsp;<a href=\"https://www.thegioididong.com/hoi-dap/4g-la-gi-731757\" target=\"_blank\">Hỗ trợ 4G</a></p>\r\n	</li>\r\n	<li>Dung lượng pin:\r\n	<p>3180 mAh</p>\r\n	</li>\r\n</ul>\r\n', 6, 1, 'Phiếu mua hàng trị giá 1 triệu (Áp dụng từ 16/07) '),
(70, 'OPPO A71 32GB (2018)', 1, 'OPPO', 4190000, 0, 'oppo-a71-32gb-2018-400x400.jpg', '<h2>Th&ocirc;ng số kỹ thuật</h2>\r\n\r\n<ul>\r\n	<li>M&agrave;n h&igrave;nh:\r\n	<p><a href=\"https://www.thegioididong.com/hoi-dap/man-hinh-ips-lcd-la-gi-905752\" target=\"_blank\">IPS LCD</a>, 5.2&quot;,&nbsp;<a href=\"https://www.thegioididong.com/tin-tuc/do-phan-giai-man-hinh-qhd-hd-fullhd-2k-4k-la-gi--592178#hd\" target=\"_blank\">HD</a></p>\r\n	</li>\r\n	<li>Hệ điều h&agrave;nh:\r\n	<p><a href=\"https://www.thegioididong.com/tin-tuc/android-7-1-co-mot-tinh-nang-se-khien-apple-phai-coi-chung-931121\" target=\"_blank\">Android 7.1 (Nougat)</a></p>\r\n	</li>\r\n	<li>Camera sau:\r\n	<p>13 MP</p>\r\n	</li>\r\n	<li>Camera trước:\r\n	<p>5 MP</p>\r\n	</li>\r\n	<li>CPU:\r\n	<p><a href=\"https://www.thegioididong.com/tin-tuc/qualcomm-snapdragon-450-ra-mat-sieu-tiet-kiem-pin-ho-tro-camera-kep-quick-charge-3-0-997437\" target=\"_blank\">Qualcomm Snapdragon 450 8 nh&acirc;n 64-bit</a></p>\r\n	</li>\r\n	<li>RAM:\r\n	<p>3 GB</p>\r\n	</li>\r\n	<li>Bộ nhớ trong:\r\n	<p>32 GB</p>\r\n	</li>\r\n	<li>Thẻ nhớ:\r\n	<p><a href=\"https://www.thegioididong.com/the-nho-dien-thoai\" target=\"_blank\">MicroSD, hỗ trợ tối đa 256 GB</a></p>\r\n	</li>\r\n	<li>Thẻ SIM:\r\n	<p><a href=\"https://www.thegioididong.com/tin-tuc/tim-hieu-cac-loai-sim-thong-dung-sim-thuong-micro--590216#nanosim\" target=\"_blank\">2 Nano SIM</a>,&nbsp;<a href=\"https://www.thegioididong.com/hoi-dap/4g-la-gi-731757\" target=\"_blank\">Hỗ trợ 4G</a></p>\r\n\r\n	<p><strong>HOT</strong><a href=\"https://www.thegioididong.com/sim-so-dep/mobifone?t=50\">Mua sim Mobi Big 60 (3GB data/ th&aacute;ng)</a>. Gi&aacute; từ&nbsp;<strong>80.000đ</strong></p>\r\n	</li>\r\n	<li>Dung lượng pin:\r\n	<p>3000 mAh</p>\r\n	</li>\r\n</ul>\r\n', 5, 1, 'Phiếu mua hàng trị giá 1 triệu (Áp dụng từ 16/07) '),
(71, 'Ốp lưng silicon LG G3 isai FL24', 9, 'LG', 50000, 0, 'medium-1-2.jpg', '<p>Ốp lưng silicon LG G3 isai FL24</p>\r\n\r\n<p>50.000 ₫</p>\r\n\r\n<p>Th&ocirc;ng tin cơ bản</p>\r\n\r\n<ul>\r\n	<li>\r\n	<p>1. Tặng:&nbsp;Cường lực&nbsp;-&nbsp;Ốp lưng&nbsp;- Tai nghe&nbsp;khi mua BHV</p>\r\n	</li>\r\n	<li>\r\n	<p>2. Giảm:&nbsp;100K&nbsp;&aacute;p dụng HSSV mua BHV tại&nbsp;398 Cầu Giấy</p>\r\n	</li>\r\n	<li>\r\n	<p>3. Mua: D&aacute;n cường lực 5D chỉ&nbsp;99K</p>\r\n	</li>\r\n	<li>\r\n	<p>4. Giảm 100K khi mua BHV v&agrave; đặt h&agrave;ng tại:&nbsp;<a href=\"https://goo.gl/PH4Pw9\">Đ&acirc;y</a></p>\r\n	</li>\r\n	<li>\r\n	<p>5. Cam kết b&aacute;n iPhone RẺ nhất VN:&nbsp;<a href=\"https://goo.gl/6xKTMo\">CLICK</a></p>\r\n	</li>\r\n</ul>\r\n', 15, 1, ''),
(72, 'Tai nghe Jellico X5 chính hãng', 9, '', 50000, 0, 'medium-tai-nghe-jellico-x3-x6-x8-x9-x10-chinh-hang-gia-re-.jpg', '<p>Tai nghe Jellico X5 ch&iacute;nh h&atilde;ng</p>\r\n\r\n<p>50.000 ₫</p>\r\n\r\n<p>Th&ocirc;ng tin cơ bản</p>\r\n\r\n<ul>\r\n	<li>\r\n	<p>1. Tặng:&nbsp;Cường lực&nbsp;-&nbsp;Ốp lưng&nbsp;- Tai nghe&nbsp;khi mua BHV</p>\r\n	</li>\r\n	<li>\r\n	<p>2. Giảm:&nbsp;100K&nbsp;&aacute;p dụng HSSV mua BHV tại&nbsp;398 Cầu Giấy</p>\r\n	</li>\r\n	<li>\r\n	<p>3. Mua: D&aacute;n cường lực 5D chỉ&nbsp;99K</p>\r\n	</li>\r\n	<li>\r\n	<p>4. Giảm 100K khi mua BHV v&agrave; đặt h&agrave;ng tại:&nbsp;<a href=\"https://goo.gl/PH4Pw9\">Đ&acirc;y</a></p>\r\n	</li>\r\n	<li>\r\n	<p>5. Cam kết b&aacute;n iPhone RẺ nhất VN:&nbsp;<a href=\"https://goo.gl/6xKTMo\">CLICK</a></p>\r\n	</li>\r\n</ul>\r\n', 13, 1, ''),
(73, 'Ốp lưng Meizu M2', 9, '', 50000, 0, 'medium-op-lung-meizu-m2.jpg', '<p>Ốp lưng Meizu M2</p>\r\n\r\n<p>50.000 ₫</p>\r\n\r\n<p>Th&ocirc;ng tin cơ bản</p>\r\n\r\n<ul>\r\n	<li>\r\n	<p>1. Tặng:&nbsp;Cường lực&nbsp;-&nbsp;Ốp lưng&nbsp;- Tai nghe&nbsp;khi mua BHV</p>\r\n	</li>\r\n	<li>\r\n	<p>2. Giảm:&nbsp;100K&nbsp;&aacute;p dụng HSSV mua BHV tại&nbsp;398 Cầu Giấy</p>\r\n	</li>\r\n	<li>\r\n	<p>3. Mua: D&aacute;n cường lực 5D chỉ&nbsp;99K</p>\r\n	</li>\r\n	<li>\r\n	<p>4. Giảm 100K khi mua BHV v&agrave; đặt h&agrave;ng tại:&nbsp;<a href=\"https://goo.gl/PH4Pw9\">Đ&acirc;y</a></p>\r\n	</li>\r\n	<li>\r\n	<p>5. Cam kết b&aacute;n iPhone RẺ nhất VN:&nbsp;<a href=\"https://goo.gl/6xKTMo\">CLICK</a></p>\r\n	</li>\r\n</ul>\r\n', 5, 1, ''),
(74, 'Ốp lưng Sony Xperia Z3V', 9, '', 70000, 0, 'medium-op-lung-Sony-Xperia-Z3V.jpg', '<p>Ốp lưng Sony Xperia Z3V</p>\r\n\r\n<p>50.000 ₫</p>\r\n\r\n<p>Th&ocirc;ng tin cơ bản</p>\r\n\r\n<ul>\r\n	<li>\r\n	<p>1. Tặng:&nbsp;Cường lực&nbsp;-&nbsp;Ốp lưng&nbsp;- Tai nghe&nbsp;khi mua BHV</p>\r\n	</li>\r\n	<li>\r\n	<p>2. Giảm:&nbsp;100K&nbsp;&aacute;p dụng HSSV mua BHV tại&nbsp;398 Cầu Giấy</p>\r\n	</li>\r\n	<li>\r\n	<p>3. Mua: D&aacute;n cường lực 5D chỉ&nbsp;99K</p>\r\n	</li>\r\n	<li>\r\n	<p>4. Giảm 100K khi mua BHV v&agrave; đặt h&agrave;ng tại:&nbsp;<a href=\"https://goo.gl/PH4Pw9\">Đ&acirc;y</a></p>\r\n	</li>\r\n	<li>\r\n	<p>5. Cam kết b&aacute;n iPhone RẺ nhất VN:&nbsp;<a href=\"https://goo.gl/6xKTMo\">CLICK</a></p>\r\n	</li>\r\n</ul>\r\n', 6, 1, ''),
(75, 'Fidget Spinner LED', 9, '', 80000, 0, 'medium-spinner-led-black.jpg', '<p>Fidget Spinner LED</p>\r\n\r\n<p>50.000 ₫</p>\r\n\r\n<p>Th&ocirc;ng tin cơ bản</p>\r\n\r\n<ul>\r\n	<li>Nhiều m&agrave;u sắc v&agrave; kiểu mẫu đẹp</li>\r\n	<li>Chất liệu nhựa kh&ocirc;ng LED: 25.000 đ</li>\r\n	<li>Chất liệu nhưa c&oacute; LED: 50.000 đ</li>\r\n	<li>Chất liệu kim loại kh&ocirc;ng gỉ: 100.000 đ</li>\r\n	<li>Mẫu kim loại đặc biệt: 150.000 đ</li>\r\n</ul>\r\n', 5, 1, ''),
(76, 'Ốp lưng Samsung Galaxy J5', 9, '', 80000, 0, 'medium-op-lung-samsung-galaxy-j5-2.jpg', '<p>Ốp lưng Samsung Galaxy J5</p>\r\n\r\n<p>50.000 ₫</p>\r\n\r\n<p>Th&ocirc;ng tin cơ bản</p>\r\n\r\n<ul>\r\n	<li>Ốp lưng Samsung Galaxy J5 với:</li>\r\n	<li>Nhiều mẫu Đẹp, Độc, Dễ thương</li>\r\n	<li>Chất liệu đa dạng: Silicon, TPU, Kim loại</li>\r\n	<li>Thời gian Sử dụng l&acirc;u d&agrave;i (Tr&ecirc;n 1 năm)</li>\r\n	<li>Gi&aacute; Rẻ, chỉ từ 50.000 đ</li>\r\n</ul>\r\n', 54, 1, '');

--
-- Chỉ mục cho các bảng đã đổ
--

--
-- Chỉ mục cho bảng `admin`
--
ALTER TABLE `admin`
  ADD PRIMARY KEY (`id_admin`);

--
-- Chỉ mục cho bảng `bill`
--
ALTER TABLE `bill`
  ADD PRIMARY KEY (`id`);

--
-- Chỉ mục cho bảng `category`
--
ALTER TABLE `category`
  ADD PRIMARY KEY (`id_category`);

--
-- Chỉ mục cho bảng `comment`
--
ALTER TABLE `comment`
  ADD PRIMARY KEY (`id_cmt`);

--
-- Chỉ mục cho bảng `feed_back`
--
ALTER TABLE `feed_back`
  ADD PRIMARY KEY (`id_feedb`);

--
-- Chỉ mục cho bảng `member`
--
ALTER TABLE `member`
  ADD PRIMARY KEY (`id_member`);

--
-- Chỉ mục cho bảng `order_form`
--
ALTER TABLE `order_form`
  ADD PRIMARY KEY (`id_order`);

--
-- Chỉ mục cho bảng `product`
--
ALTER TABLE `product`
  ADD PRIMARY KEY (`id_product`);

--
-- AUTO_INCREMENT cho các bảng đã đổ
--

--
-- AUTO_INCREMENT cho bảng `admin`
--
ALTER TABLE `admin`
  MODIFY `id_admin` int(11) NOT NULL AUTO_INCREMENT, AUTO_INCREMENT=6;

--
-- AUTO_INCREMENT cho bảng `bill`
--
ALTER TABLE `bill`
  MODIFY `id` int(11) NOT NULL AUTO_INCREMENT, AUTO_INCREMENT=22;

--
-- AUTO_INCREMENT cho bảng `category`
--
ALTER TABLE `category`
  MODIFY `id_category` int(11) NOT NULL AUTO_INCREMENT, AUTO_INCREMENT=10;

--
-- AUTO_INCREMENT cho bảng `comment`
--
ALTER TABLE `comment`
  MODIFY `id_cmt` int(11) NOT NULL AUTO_INCREMENT;

--
-- AUTO_INCREMENT cho bảng `feed_back`
--
ALTER TABLE `feed_back`
  MODIFY `id_feedb` int(11) NOT NULL AUTO_INCREMENT;

--
-- AUTO_INCREMENT cho bảng `member`
--
ALTER TABLE `member`
  MODIFY `id_member` int(11) NOT NULL AUTO_INCREMENT, AUTO_INCREMENT=7;

--
-- AUTO_INCREMENT cho bảng `order_form`
--
ALTER TABLE `order_form`
  MODIFY `id_order` int(11) NOT NULL AUTO_INCREMENT, AUTO_INCREMENT=13;

--
-- AUTO_INCREMENT cho bảng `product`
--
ALTER TABLE `product`
  MODIFY `id_product` int(11) NOT NULL AUTO_INCREMENT, AUTO_INCREMENT=77;
COMMIT;

/*!40101 SET CHARACTER_SET_CLIENT=@OLD_CHARACTER_SET_CLIENT */;
/*!40101 SET CHARACTER_SET_RESULTS=@OLD_CHARACTER_SET_RESULTS */;
/*!40101 SET COLLATION_CONNECTION=@OLD_COLLATION_CONNECTION */;
